itemName,itemNumber,itemType,itemBrand,itemCondition,itemSize,itemColor,itemRemarks,itemStatus,itemMfgDate,position,warehouseName,warehouseDescription,positionName,positionCapacity,photos,purchaseDate,purchasePrice,purchasePlatform,purchasePriceCurrency,purchasePriceExchangeRate,launchDate,soldDate,soldPrice,soldPlatform,soldPriceCurrency,soldPriceExchangeRate,itemGrossProfit,itemNetProfit,shipping,transactionStatues,isReturn,storageDuration,domesticShipping,internationalShipping,domesticTrackingNumber,internationalTrackingNumber,listingPlatforms,otherFees
名称,尺码,购入价,成色,配件,备注,状态,售出价格（日元）,售出价格（人民币）,利润,利润率,购入时间,售出日,上架日期,出售时长,购入平台,售出平台,,,,,,2024/4/21,18576,SNKRDUNK,JYP,0.05,,,,,,,,110,,,,
梅西,40,6000,全新,其他,闲鱼买 煤炉出,售出,172800,#VALUE!,#VALUE!,45.21%,2月27日,2024/1/22,,,闲鱼,MERUCARI,,,,,,,,,JYP,0.05,,,,,,,,110,,,,
梅西,41,7100,未使用近全新,其他,闲鱼买 煤炉出,售出,180000,#VALUE!,#VALUE!,27.89%,2月27日,2024/1/23,,,闲鱼,MERUCARI,,,,,,,,,JYP,0.05,,,,,,,,110,,,,
dunk sb buck,42.5,1500,9新,配件鞋盒丢失,闲鱼买 煤炉出,售出,36950,#VALUE!,#VALUE!,18.96%,5月7日,2023/7/22,,,闲鱼,MERUCARI,,,,,,,,,JYP,0.05,,,,,,,,110,,,,
dunk sb 滑板女郎,42,2540,9新,配件齐全,闲鱼,售出,101200,#VALUE!,#VALUE!,99.26%,5月23日,2023/6/19,,,闲鱼,MERUCARI,,,,,,,,,JYP,0.05,,,,,,,,110,,,,
dunk sb 万圣节,44.5,2480,9新,配件丢失,闲鱼,售出,63950,#VALUE!,#VALUE!,27.48%,5月23日,2023/11/15,,,闲鱼,MERUCARI,,,,,,,,,JYP,0.05,,,,,,,,110,,,,
aj1 sb 北卡蓝,41,2160,未使用近全新,配件齐全,鞋盒标褪色,售出,38060,#VALUE!,2712.80 ,125.59%,5月28日,,,,闲鱼,,,,,,,,29760,SNKRDUNK,JYP,0.05,,,,,,,,110,,,,
aj4 ts ,44,1600,95新,配件齐全,,售出,52440,#VALUE!,1980.00 ,60.90%,5月28日,2023/7/7,,,闲鱼,MERUCARI,,,,,,,50350,SNKRDUNK,JYP,0.05,,,,,,,,110,,,,
dunk sb 慈善,43,2120,全新,配件鞋盒丢失,,售出,53000,#VALUE!,284.45 ,22.78%,5月29日,2023/10/22,,,闲鱼,MERUCARI,,,,,,,,,JYP,0.05,,,,,,,,110,,,,
aj1 扣碎 1.0,42.5,2200,9新,配件齐全,,售出,75650,#VALUE!,2521.20 ,70.83%,6月1日,2023/8/11,,,闲鱼,MERUCARI,,,,,,2024/6/19,40920,,JYP,0.05,,,,,,,,110,,,,
dunk sb ftc,44,2320,99新,配件鞋盒丢失,闲鱼买 煤炉出,售出,53150,#VALUE!,681.45 ,12.53%,6月1日,2023/11/26,,,闲鱼,MERUCARI,,,,,,2024/4/24,61149,SNKRDUNK,JYP,0.05,,,,,,,,110,,,,
aj1 turbo green,44,510,8新,配件丢失,,未售出,,#VALUE!,-318.94 ,0.00%,6月8日,,,,闲鱼,,,,,,,,50350,,JYP,0.05,,,,,,,,110,,,,
aj1 黑红脚趾,41,1000,99新,配件齐全,,售出,40480,#VALUE!,974.44 ,96.45%,6月8日,2023/6/23,,,闲鱼,MERUCARI,,,,,,2024/5/24,32680,,JYP,0.05,,,,,,,,110,,,,
dunk sb mia,44.5,1320,8新,配件齐全,,售出,40120,#VALUE!,483.00 ,47.43%,6月8日,,,,闲鱼,MERUCARI,,,,,,,34410,SNKRDUNK,JYP,0.05,,,,,,,,110,,,,
af1 白丝绸,43,1880,9新,鞋盒丢失,,未上架,,#VALUE!,1558.15 ,0.00%,6月15日,,,,闲鱼,MERUCARI,,,,,,2024/3/27,52080,MERUCARI,JYP,0.05,,,,,,,,110,,,,
dunk sb 布鲁克林,44,2120,99新,配件齐全,,未售出,,#VALUE!,290.65 ,0.00%,6月15日,,,,闲鱼,,,,,,,,,,JYP,0.05,,,,,,,,110,,,,
dunk sb 滑板女郎,44.5,5500,全新,配件齐全,,售出,143350,#VALUE!,0.00 ,31.11%,6月16日,2023/12/13,,,闲鱼,MERUCARI,,,,,,,,,JYP,0.05,,,,,,,,110,,,,
dunk sb 滑板女郎,44,5000,全新,配件齐全,,售出,160000,#VALUE!,964.48 ,61.20%,6月18日,2024/10/16,,,闲鱼,MERUCARI,,,,,,2024/2/21,32250,SNKRDUNK,JYP,0.05,,,,,,,,110,,,,
aj1 turbo green,42.5,1100,95新,配件齐全,,售出,28830,#VALUE!,626.12 ,24.58%,6月19日,,,,95分,SNKRDUNK,,,,,,,,,JYP,0.05,,,,,,,,110,,,,
dunk sb sod,42.5,1000,未使用近全新,配件鞋盒丢失,,售出,51350,#VALUE!,0.00 ,151.89%,6月21日,2023/8/10,,,,MERUCARI,,,,,,2024/10/19,26040,SNKRDUNK,JYP,0.05,,,,,,,,110,,,,
dunk sb 春丽,42.5,2000,95新,配件鞋盒丢失,,售出,80960,#VALUE!,0.00 ,101.45%,6月21日,2023/7/27,,,,,,,,,,2024/10/1,92814,SNKRDUNK,JYP,0.05,,,,,,,,110,,,,
dunk sb 潜鸟,42.5,2500,9新,配件齐全,,售出,61640,#VALUE!,1710.85 ,21.75%,6月21日,,,,,,,,,,,2024/8/3,111600,,JYP,0.05,,,,,,,,110,,,,
dunk sb 芝加哥,43,2100,95新,配件齐全,,售出,54870,#VALUE!,3060.00 ,28.49%,6月21日,,,,,,,,,,,,,,JYP,0.05,,,,,,,,110,,,,
dunk sb 橙盒,42,1350,8新,配件齐全,,售出,38130,#VALUE!,270.33 ,36.64%,6月22日,,,,,,,,,,,,,,JYP,0.05,,,,,,,,110,,,,
nb 992,42.5,1150,95新,配件齐全,,售出,41400,#VALUE!,1518.85 ,74.90%,6月22日,,,,,,,,,,,,,,JYP,0.05,,,,,,,,110,,,,
aj1 ko 北卡套装,42,1440,全新,配件齐全,,未售出,,#VALUE!,2028.96 ,0.00%,6月23日,,,,闲鱼,,,,,,,,,,JYP,0.05,,,,,,,,110,,,,
dunk sb 熊猫鸽子,42.5,2000,9新,配件丢失,,售出,58500,#VALUE!,543.64 ,44.18%,6月23日,,,,,,,,,,,,,,JYP,0.05,,,,,,,,110,,,,
aj1 黑红脚趾,42.5,970,95新,配件齐全,鞋盒用胶带固定,售出,33480,#VALUE!,598.37 ,65.72%,6月24日,2023/9/7,,,,,,,,,,2024/3/10,100400,SNKRDUNK,JYP,0.05,,,,,,,,110,,,,
aj1 北卡蓝,45,1380,9新,配件丢失,,售出,50600,#VALUE!,494.63 ,79.75%,7月2日,2023/7/27,,,,,,,,,,2024/3/18,113460,SNKRDUNK,JYP,0.05,,,,,,,,110,,,,
dunk sb true red,42,3600,未使用近全新,配件齐全,,未上架,,#VALUE!,861.40 ,0.00%,7月2日,,,,,,,,,,,2024/3/29,115209,SNKRDUNK,JYP,0.05,,,,,,,,110,,,,
dunk sb 牙龈出血,44,1740,全新,配件鞋盒丢失,,未售出,,#VALUE!,0.00 ,0.00%,7月2日,,,,,,,,,,,2024/3/23,64170,SNKRDUNK,JYP,0.05,,,,,,,,110,,,,
dunk kasina 深蓝,43,1680,9新,配件丢失,,售出,58880,#VALUE!,883.50 ,72.79%,7月4日,2023/9/10,,,,,,,,,,,,,JYP,0.05,,,,,,,,110,,,,
dunk sb 潜鸟,41,1500,9新,配件齐全,,售出,46500,#VALUE!,637.48 ,51.43%,7月7日,,,,,,,,,,,,,,,,,,,,,,,,,,,
aj1 黑曜石,42.5,860,9新,配件齐全,,未售出,,#VALUE!,1100.60 ,0.00%,7月8日,,,,,,,,,,,,,,,,,,,,,,,,,,,
dunk sb 灯芯绒,44,700,8新,配件鞋盒丢失,,未售出,,#VALUE!,0.00 ,0.00%,7月9日,,,,,,,,,,,,,,,,,,,,,,,,,,,
dunk sb 高邦钻石,44,2500,未使用近全新,配件齐全,,售出,78200,#VALUE!,0.00 ,55.53%,7月9日,2023/7/27,,,,,,,,,,,,,,,,,,,,,,,,,,
dunk sb 汤达人,43,930,9新,配件丢失,,售出,27900,#VALUE!,1222.88 ,42.25%,7月9日,2023/11/30,,,,,,,,,,,,,,,,,,,,,,,,,,
aj1 黑蓝,45,820,95新,配件齐全,,售出,38000,#VALUE!,771.50 ,124.15%,7月11日,2023/9/6,,,,,,,,,,,,,,,,,,,,,,,,,,
dunk sb jedi,42.5,900,8新,配件齐全,,售出,46850,#VALUE!,0.00 ,154.37%,7月14日,2023/7/31,,,,,,,,,,,,,,,,,,,,,,,,,,
dunk sb 高邦钻石,42.5,2700,全新,配件齐全,,售出,80960,#VALUE!,0.00 ,49.22%,7月15日,2023/8/26,,,,,,,,,,,,,,,,,,,,,,,,,,
sacai 红蓝,42.5,1000,95新,配件齐全,,未售出,,#VALUE!,1388.20 ,0.00%,7月18日,,,,,,,,,,,,,,,,,,,,,,,,,,,
dunk sb 灯芯绒,43,1000,,,,未售出,,#VALUE!,392.90 ,0.00%,7月23日,,,,,,,,,,,,,,,,,,,,,,,,,,,
aj1 禁止转卖,42,1650,9新,配件齐全,,售出,48000,#VALUE!,1018.00 ,42.30%,7月25日,2023/9/2,,,,SNKRDUNK,,,,,,,,,,,,,,,,,,,,,,
dunk sb 粉红熊,44.5,1000,95新,配件齐全,,售出,32550,#VALUE!,1389.35 ,56.01%,7月25日,2023/10/4,,,,SNKRDUNK,,,,,,,,,,,,,,,,,,,,,,
dunk sb 钻石,44,5900,9新,配件齐全,,售出,148800,#VALUE!,1328.96 ,26.93%,7月25日,2023/11/13,,,闲鱼,SNKRDUNK,,,,,,,,,,,,,,,,,,,,,,
kobe 5 laker,46,2300,,,,售出,61380,#VALUE!,0.00 ,31.76%,7月25日,2024/7/15,,,闲鱼,SNKRDUNK,,,,,,,,,,,,,,,,,,,,,,
aj1 薄荷糖,44,850,9新,配件齐全,,售出,30225,#VALUE!,0.00 ,69.59%,7月26日,2023/12/5,,,,SNKRDUNK,,,,,,,,,,,,,,,,,,,,,,
nb 992EA 黑武士 ,42,600,8新,配件鞋盒丢失,,售出,27900,#VALUE!,698.00 ,120.48%,7月26日,2023/9/1,,,,,,,,,,,,,,,,,,,,,,,,,,
nb 993 navi,44.5,800,9新,,,售出,26000,#VALUE!,560.05 ,53.25%,7月26日,,,,,,,,,,,,,,,,,,,,,,,,,,,
nb 992 海军蓝,43,720,8新,配件齐全,褪色，后跟磨损,售出,30690,#VALUE!,1588.80 ,103.50%,7月27日,,,,,,,,,,,,,,,,,,,,,,,,,,,
aj1 薄荷糖,42,950,9新,配件齐全,,售出,30500,#VALUE!,730.38 ,53.21%,7月28日,,,,,,,,,,,,,,,,,,,,,,,,,,,
dunk sb 高邦钻石,44,1640,9新,配件齐全,,售出,55800,#VALUE!,591.48 ,67.43%,7月28日,2023/11/10,,,,,,,,,,,,,,,,,,,,,,,,,,
dunk sb 熊猫鸽子,42,1000,战斗成色,配件丢失,,售出,30500,#VALUE!,722.90 ,45.55%,7月28日,,,,,,,,,,,,,,,,,,,,,,,,,,,
dunk sb buck,43,1800,9新,配件齐全,开胶,售出,46314,#VALUE!,426.00 ,25.67%,7月30日,2024/7/15,,,,,,,,,,,,,,,,,,,,,,,,,,
nb 992EA 黑武士 ,42.5,1470,全新,配件齐全,,售出,53940,#VALUE!,745.19 ,80.34%,7月30日,2023/12/2,,,,,,,,,,,,,,,,,,,,,,,,,,
nb 993 navi,41.5,1110,9新,配件齐全,鞋盒破损,售出,35340,#VALUE!,505.50 ,53.36%,7月30日,2024/3/23,,,,,,,,,,,,,,,,,,,,,,,,,,
aj4 北卡蓝,42.5,500,9新,配件丢失,,未售出,,#VALUE!,1105.80 ,0.00%,8月1日,,,,,,,,,,,,,,,,,,,,,,,,,,,
dunk sb 拉斯维加斯,44,2500,99新,配件齐全,,售出,116994,#VALUE!,455.50 ,134.67%,8月1日,2024/6/19,,,闲鱼,SNKRDUNK,,,,,,,,,,,,,,,,,,,,,,
dunk sb 牙龈出血,42,500,战斗成色,配件丢失,,未售出,,#VALUE!,462.01 ,0.00%,8月1日,,,,闲鱼,,,,,,,,,,,,,,,,,,,,,,,
dunk sb huf 旧金山,42,970,95新,配件齐全,,售出,32550,#VALUE!,1180.94 ,60.83%,8月3日,,,,,,,,,,,,,,,,,,,,,,,,,,,
dunk sb born & raised,41,3500,95新,配件丢失,,售出,107000,#VALUE!,592.34 ,53.06%,8月7日,2023/9/3,,,95分,SNKRDUNK,,,,,,,,,,,,,,,,,,,,,,
dunk sb 高邦钻石,45,1400,9新,配件齐全,,售出,48360,#VALUE!,0.00 ,69.03%,8月7日,2023/12/18,,,,,,,,,,,,,,,,,,,,,,,,,,
dunk sb 高邦钻石,43,2500,99新,配件齐全,,售出,83630,#VALUE!,3366.69 ,66.61%,8月7日,2023/10/27,,,,,,,,,,,,,,,,,,,,,,,,,,
dunk sb 辛普森（红）,43,770,95新,配件齐全,,售出,29760,#VALUE!,0.00 ,84.12%,8月8日,,,,,,,,,,,,,,,,,,,,,,,,,,,
dunk sb 白钻石,44.5,620,8新,配件齐全,,售出,30690,#VALUE!,590.05 ,0.00%,8月9日,,,,,,,,,,,,,,,,,,,,,,,,,,,
dunk sb 莱卡,45.5,2000,未使用近全新,配件齐全,,未售出,,#VALUE!,1857.00 ,0.00%,8月9日,,,,,,,,,,,,,,,,,,,,,,,,,,,
dunk sb 遛狗特殊盒,42.5,2420,全新,配件齐全,,售出,79050,#VALUE!,966.36 ,62.46%,8月9日,,,,,,,,,,,,,,,,,,,,,,,,,,,
dunk sb 高邦钻石,42,2300,全新,配件齐全,充新海关,售出,74400,#VALUE!,1665.13 ,60.63%,8月10日,2024/4/16,,,,,,,,,,,,,,,,,,,,,,,,,,
aj1 turbo green,44,1200,95新,配件齐全,,售出,30225,#VALUE!,647.76 ,20.12%,8月11日,,,,,SNKRDUNK,,,,,,,,,,,,,,,,,,,,,,
aj1 薄荷糖,42,1000,95新,配件齐全,闲鱼,售出,30225,#VALUE!,845.19 ,44.15%,8月11日,2024/12/15,,,,,,,,,,,,,,,,,,,,,,,,,,
aj1 黑曜石,43,1200,,,,未售出,,#VALUE!,0.00 ,0.00%,8月11日,,,,,,,,,,,,,,,,,,,,,,,,,,,
aj4 北卡蓝,44,1000,9新,配件鞋盒丢失,,未售出,,#VALUE!,1511.55 ,0.00%,8月11日,,,,,,,,,,,,,,,,,,,,,,,,,,,
dunk sb elephant,42,800,9新,配件齐全,,未售出,,#VALUE!,1394.40 ,0.00%,8月11日,,,,,,,,,,,,,,,,,,,,,,,,,,,
dunk sb 高邦钻石,45.5,750,8新,配件鞋盒丢失,,售出,50220,#VALUE!,241.48 ,228.16%,8月11日,2024/1/24,,,,,,,,,,,,,,,,,,,,,,,,,,
dunk sb 滑板女郎,44,2300,9新,配件齐全,,售出,70680,#VALUE!,441.48 ,52.38%,8月11日,,,,,,,,,,,,,,,,,,,,,,,,,,,
dunk sb 星巴克,44,2950,99新,配件齐全,,售出,100440,#VALUE!,0.00 ,70.25%,8月11日,,,,,,,,,,,,,,,,,,,,,,,,,,,
dunk sb 芝加哥,42,1200,9新,配件齐全,,售出,32550,#VALUE!,0.00 ,30.00%,8月11日,,,,,,,,,,,,,,,,,,,,,,,,,,,
dunk sb 芝加哥,44,1200,8新,配件齐全,,售出,18414,#VALUE!,0.00 ,-30.07%,8月11日,2024/8/15,,,,,,,,,,,,,,,,,,,,,,,,,,
nb 992 jjjj,43,3500,95新,配件齐全,闲鱼,售出,85504,#VALUE!,1711.22 ,21.73%,8月11日,2024/4/2,,,,,,,,,,,,,,,,,,,,,,,,,,
nb 992 元祖灰,41,1100,95新,配件齐全,,售出,36400,#VALUE!,1204.68 ,59.67%,8月11日,,,,,,,,,,,,,,,,,,,,,,,,,,,
nb 992EA 黑武士 ,42,625,8新,,,售出,34875,#VALUE!,2072.44 ,168.58%,8月12日,2023/11/30,,,,,,,,,,,,,,,,,,,,,,,,,,
nb 992EB 黑,44,1050,,,,售出,40920,#VALUE!,360.05 ,89.23%,8月12日,,,,,,,,,,,,,,,,,,,,,,,,,,,
nb 992EB 黑,43,1000,9新,,,售出,34540,#VALUE!,-360.89 ,66.15%,8月12日,,,,,,,,,,,,,,,,,,,,,,,,,,,
aj1 turbo green,42,1040,9新,,,售出,29760,#VALUE!,760.70 ,36.32%,8月13日,,,,,SNKRDUNK,,,,,,,,,,,,,,,,,,,,,,
nb 992 元祖灰,41,910,95新,配件齐全,,售出,32360,#VALUE!,656.40 ,70.37%,8月13日,2024/4/14,,,95分,SNKRDUNK,,,,,,,,,,,,,,,,,,,,,,
dunk sb huf 旧金山,43,1000,95新,配件齐全,,售出,31620,#VALUE!,1053.63 ,51.26%,8月14日,2023/9/13,,,闲鱼,SNKRDUNK,,,,,,,,,,,,,,,,,,,,,,
nb 992 元祖灰,42,1100,9新,配件齐全,鞋盒破损,未售出,,#VALUE!,936.92 ,0.00%,8月14日,,,,,,,,,,,,,,,,,,,,,,,,,,,
aj1 黑蓝,45,500,9新,配件齐全,,未售出,,#VALUE!,661.54 ,0.00%,8月16日,,,,,,,,,,,,,,,,,,,,,,,,,,,
dunk sb mia,42,1400,,,,未售出,,#VALUE!,377.76 ,0.00%,8月16日,,,,,,,,,,,,,,,,,,,,,,,,,,,
aj1 黑红脚趾,43,1200,95新,配件丢失,,售出,29760,#VALUE!,640.36 ,18.15%,8月17日,,,,,,,,,,,,,,,,,,,,,,,,,,,
aj1 黑红脚趾,41,1200,9新,配件齐全,,未售出,,#VALUE!,512.62 ,0.00%,8月17日,,,,,,,,,,,,,,,,,,,,,,,,,,,
dunk sb 苏格兰,45,980,9新,配件鞋盒丢失,无原鞋垫,未售出,,#VALUE!,0.00 ,0.00%,8月17日,,,,,,,,,,,,,,,,,,,,,,,,,,,
dunk sb 春丽,44,2600,9新,配件齐全,95,售出,80910,#VALUE!,0.00 ,54.86%,8月18日,2023/10/4,,,95分,SNKRDUNK,,,,,,,,,,,,,,,,,,,,,,
dunk sb 春丽,40,1700,9新,配件齐全,,未售出,,#VALUE!,,,8月20日,,,,,,,,,,,,,,,,,,,,,,,,,,,
aj1 low zion,42.5,1139,9新,配件齐全,,售出,32550,#VALUE!,217.76 ,36.97%,8月21日,2023/10/17,,,,SNKRDUNK,,,,,,,,,,,,,,,,,,,,,,
nb 992 元祖灰,44,1100,9新,配件齐全,,售出,32364,#VALUE!,0.00 ,40.96%,8月21日,2024/7/26,,,,,,,,,,,,,,,,,,,,,,,,,,
ja1 粉,42.5,765,全新,配件齐全,,售出,24180,#VALUE!,0.00 ,48.13%,8月23日,2023/10/5,,,,SNKRDUNK,,,,,,,,,,,,,,,,,,,,,,
nb 992 元祖灰,41,850,9新,配件齐全,,售出,,#VALUE!,1426.41 ,0.00%,8月24日,,,,,,,,,,,,,,,,,,,,,,,,,,,
dunk sb 灯芯绒,43,659,8新,配件丢失,,售出,23250,#VALUE!,0.00 ,64.76%,8月29日,,,,,,,,,,,,,,,,,,,,,,,,,,,
dunk sb 白寡妇,44,1400,全新,配件齐全,,售出,57590,#VALUE!,421.05 ,102.65%,8月31日,,,,,,,,,,,,,,,,,,,,,,,,,,,
aj1 薄荷糖,42.5,850,9新,,,售出,28760,#VALUE!,450.56 ,60.80%,9月1日,,,,,,,,,,,,,,,,,,,,,,,,,,,
dunk sb born and raised,43,4422,95新,配件齐全,,售出,106150,#VALUE!,368.18 ,20.16%,9月2日,,,,,,,,,,,,,,,,,,,,,,,,,,,
aj1 禁穿 16,42.5,1750,9新,,,售出,39990,#VALUE!,-950.00 ,10.83%,9月3日,,,,,,,,,,,,,,,,,,,,,,,,,,,
dunk sb 情人节 2013,43,2500,全新,配件齐全,,售出,111600,#VALUE!,426.75 ,123.66%,9月3日,,,,,,,,,,,,,,,,,,,,,,,,,,,
nb 992EA 黑武士 ,42.5,650,8新,配件齐全,鞋盒烂,售出,26970,#VALUE!,1437.09 ,221.09%,9月4日,,,,,,,,,,,,,,,,,,,,,,,,,,,
dunk sb 熊猫鸽子,42,2300,95新,,,售出,61510,#VALUE!,516.76 ,32.04%,9月5日,,,,,,,,,,,,,,,,,,,,,,,,,,,
aj1 薄荷糖,42.5,1035,95新,配件齐全,,售出,28760,#VALUE!,891.65 ,32.05%,9月7日,2023/11/21,,,,,,,,,,,,,,,,,,,,,,,,,,
dunk sb 高邦钻石,44,1800,9新,配件丢失,鞋带丢失,售出,50550,#VALUE!,189.49 ,37.67%,9月8日,,,,,,,,,,,,,,,,,,,,,,,,,,,
dunk sb 汤达人,42.5,1200,95新,,,未售出,,#VALUE!,3091.60 ,0.00%,9月8日,,,,闲鱼,,,,,,,,,,,,,,,,,,,,,,,
aj1 扣碎 1.0,44.5,1700,9新,配件齐全,,售出,66500,#VALUE!,625.47 ,93.62%,9月10日,2024/1/21,,,闲鱼,MERUCARI,,,,,,,,,,,,,,,,,,,,,,
dunk sb 熊猫鸽子,42.5,3960,全新,配件齐全,,售出,111600,#VALUE!,737.01 ,41.20%,9月11日,2023/10/31,,,95分,,,,,,,,,,,,,,,,,,,,,,,
aj1 黑红脚趾,40,700,9新,配件齐全,,售出,30620,#VALUE!,331.76 ,108.80%,9月12日,2023/11/26,,,,,,,,,,,,,,,,,,,,,,,,,,
aj1 禁穿 13,44,1700,9新,配件齐全,,售出,55800,#VALUE!,678.05 ,61.52%,9月12日,,,,,,,,,,,,,,,,,,,,,,,,,,,
aj1 新秀,46,1000,9新,配件齐全,,售出,32085,#VALUE!,0.00 ,53.63%,9月12日,,,,,,,,,,,,,,,,,,,,,,,,,,,
dunk sb 芝加哥,44,1300,9新,配件齐全,,售出,37200,#VALUE!,1591.50 ,38.25%,9月12日,,,,,,,,,,,,,,,,,,,,,,,,,,,
aj1 禁穿 16,43,3629,全新,配件齐全,,售出,105000,#VALUE!,1631.60 ,44.81%,9月13日,,,,,,,,,,,,,,,,,,,,,,,,,,,
aj1 禁穿 16,44.5,3700,全新,配件齐全,,售出,102300,#VALUE!,761.62 ,38.31%,9月13日,,,,,,,,,,,,,,,,,,,,,,,,,,,
aj1 新秀,42,813,9新,配件齐全,,售出,32550,#VALUE!,1045.80 ,91.89%,9月14日,,,,,,,,,,,,,,,,,,,,,,,,,,,
aj1 禁穿 16,44.5,1413,95新,配件齐全,,售出,48360,#VALUE!,536.34 ,67.47%,9月24日,,,,,,,,,,,,,,,,,,,,,,,,,,,
aj1 禁穿 16,44,3763,全新,配件齐全,,售出,111500,#VALUE!,497.20 ,48.46%,9月24日,,,,,,,,,,,,,,,,,,,,,,,,,,,
aj1 turbo green,43,880,9新,配件齐全,,售出,32550,#VALUE!,1626.00 ,77.28%,9月25日,,,,,SNKRDUNK,,,,,,,,,,,,,,,,,,,,,,
aj1 蜘蛛侠 1.0,41,1200,9新,鞋盒丢失,,售出,28644,#VALUE!,1417.30 ,13.40%,9月27日,,,,,,,,,,,,,,,,,,,,,,,,,,,
aj1禁穿 16,44.5,3600,全新,配件齐全,,未售出,,#VALUE!,747.05 ,0.00%,9月27日,,,,,,,,,,,,,,,,,,,,,,,,,,,
dunk sb 芝加哥,42.5,1200,9新,鞋盒丢失,海关,售出,21204,#VALUE!,953.36 ,-18.22%,9月27日,2024/7/25,,,,,,,,,,,,,,,,,,,,,,,,,,
dunk sb 熊猫鸽子,36.5,1800,95新,配件齐全,,未售出,,#VALUE!,1823.50 ,0.00%,9月28日,,,,,,,,,,,,,,,,,,,,,,,,,,,
ja1 粉,41,799,全新,配件齐全,,售出,27714,#VALUE!,680.05 ,64.38%,9月29日,2024/6/23,,,,SNKRDUNK,,,,,,,,,,,,,,,,,,,,,,
ja1 粉,42,824,全新,配件齐全,,售出,27900,#VALUE!,160.84 ,60.55%,9月29日,2024/2/22,,,,SNKRDUNK,,,,,,,,,,,,,,,,,,,,,,
dunk sb 爆裂纹,42.5,980,95新,配件齐全,,售出,33945,#VALUE!,0.00 ,66.45%,9月30日,,,,,,,,,,,,,,,,,,,,,,,,,,,
ja1 白,42,619,全新,配件齐全,,售出,25134,#VALUE!,-218.60 ,90.93%,10月2日,2024/5/29,,,,SNKRDUNK,,,,,,,,,,,,,,,,,,,,,,
ja1 白,42.5,614,全新,配件齐全,,售出,23250,#VALUE!,0.00 ,76.83%,10月2日,2023/12/18,,,,SNKRDUNK,,,,,,,,,,,,,,,,,,,,,,
ja1 白,44.5,619,全新,配件齐全,,售出,18600,#VALUE!,514.41 ,37.09%,10月2日,2024/1/4,,,,SNKRDUNK,,,,,,,,,,,,,,,,,,,,,,
dunk sb sod,45,4000,全新,配件齐全,海关黑牌,售出,111650,#VALUE!,498.90 ,39.85%,10月5日,2024/4/3,,,,,,,,,,,,,,,,,,,,,,,,,,
dunk sb 高邦钻石,42.5,1000,8新,配件齐全,,售出,49290,#VALUE!,651.20 ,141.38%,10月5日,2024/7/15,,,,,,,,,,,,,,,,,,,,,,,,,,
ja1 白,41,604,全新,配件齐全,,售出,22320,#VALUE!,562.83 ,71.91%,10月5日,2024/6/12,,,,SNKRDUNK,,,,,,,,,,,,,,,,,,,,,,
ja1 白,43,629,全新,配件齐全,,售出,20367,#VALUE!,471.75 ,49.24%,10月5日,2023/11/24,,,,SNKRDUNK,,,,,,,,,,,,,,,,,,,,,,
ja1 粉,42,839,全新,配件齐全,,售出,30689,#VALUE!,229.60 ,74.63%,10月5日,2024/2/13,,,,SNKRDUNK,,,,,,,,,,,,,,,,,,,,,,
ja1 粉,42.5,779,全新,配件齐全,,售出,26970,#VALUE!,1594.15 ,63.73%,10月5日,2023/10/29,,,,SNKRDUNK,,,,,,,,,,,,,,,,,,,,,,
ja1 粉,42.5,789,全新,配件齐全,,售出,22320,#VALUE!,1413.79 ,31.60%,10月5日,2023/12/18,,,,SNKRDUNK,,,,,,,,,,,,,,,,,,,,,,
dunk sb 石斑鱼,43,1012,95新,配件齐全,海关,未售出,,#VALUE!,434.32 ,0.00%,10月7日,,,,,,,,,,,,,,,,,,,,,,,,,,,
ja1 粉,43,839,全新,配件齐全,,售出,26505,#VALUE!,309.72 ,49.20%,10月7日,2023/11/14,,,,SNKRDUNK,,,,,,,,,,,,,,,,,,,,,,
dunk sb aqua,43,839,8新,配件齐全,海关,售出,,#VALUE!,626.14 ,0.00%,10月8日,,,,,,,,,,,,,,,,,,,,,,,,,,,
dunk sb 滑板女郎,42,2300,8新,鞋盒丢失,咸鱼,售出,59334,#VALUE!,496.47 ,27.22%,10月8日,2024/7/13,,,,,,,,,,,,,,,,,,,,,,,,,,
aj1 禁穿 16,42.5,1300,9新,配件齐全,未知 有可能在家，在途,在途,,#VALUE!,249.32 ,0.00%,10月9日,,,,,,,,,,,,,,,,,,,,,,,,,,,
dunk sb 汤达人,43,950,9新,配件齐全,,售出,33480,#VALUE!,0.00 ,69.21%,10月9日,,,,,,,,,,,,,,,,,,,,,,,,,,,
ja1 粉,42,809,全新,配件齐全,,售出,19530,#VALUE!,412.76 ,10.76%,10月9日,2023/11/29,,,,SNKRDUNK,,,,,,,,,,,,,,,,,,,,,,
dunk sb 滑板女郎,42,2319,9新,鞋盒丢失,95分,未售出,,#VALUE!,-939.00 ,0.00%,10月10日,,,,,,,,,,,,,,,,,,,,,,,,,,,
ja1 粉,42,799,全新,配件齐全,,售出,23064,#VALUE!,626.03 ,34.70%,10月11日,2023/12/18,,,,SNKRDUNK,,,,,,,,,,,,,,,,,,,,,,
dunk sb sod,44,1313,95新,鞋盒丢失,海关,售出,70494,#VALUE!,0.00 ,166.20%,10月12日,2024/9/6,,,,,,,,,,,,,,,,,,,,,,,,,,
dunk sb 灯芯绒,43,680,9新,配件齐全,,未售出,,#VALUE!,657.48 ,0.00%,10月12日,,,,,,,,,,,,,,,,,,,,,,,,,,,
dunk sb 情人节 2013,44,1600,95新,配件齐全,海关,未售出,,#VALUE!,87.03 ,0.00%,10月12日,,,,,,,,,,,,,,,,,,,,,,,,,,,
dunk sb 情人节 2013,44,3600,全新,配件齐全,,售出,,#VALUE!,0.00 ,0.00%,10月12日,,,,,,,,,,,,,,,,,,,,,,,,,,,
ja1 粉,42,789,全新,配件齐全,,售出,22320,#VALUE!,277.26 ,31.60%,10月13日,2023/12/16,,,,SNKRDUNK,,,,,,,,,,,,,,,,,,,,,,
dunk sb 白寡妇,45,972,全新,配件齐全,,售出,30000,#VALUE!,2182.19 ,0.00%,10月15日,,,,,,,,,,,,,,,,,,,,,,,,,,,
dunk sb 白寡妇,45,1020,全新,配件齐全,,售出,40000,#VALUE!,0.00 ,90.20%,10月16日,,,,,MERUCARI,,,,,,,,,,,,,,,,,,,,,,
nb 992EA 黑武士 ,40.5,1178,95新,配件齐全,,售出,48174,#VALUE!,0.00 ,100.07%,10月16日,2024/4/5,,,,,,,,,,,,,,,,,,,,,,,,,,
dunk sb 滑板女郎,43,3100,95新,配件齐全,咸鱼,售出,82584,#VALUE!,-3700.00 ,32.64%,10月19日,2024/3/29,,,,,,,,,,,,,,,,,,,,,,,,,,
ja1 粉,44,819,全新,配件齐全,,售出,26040,#VALUE!,249.32 ,49.94%,10月22日,2024/1/30,,,,SNKRDUNK,,,,,,,,,,,,,,,,,,,,,,
aj1 新秀,42,749,9新,配件丢失,,售出,30690,#VALUE!,458.00 ,95.62%,10月23日,,,,,,,,,,,,,,,,,,,,,,,,,,,
dunk sb 辛普森（红）,43,722,9新,配件齐全,,未售出,,#VALUE!,920.00 ,0.00%,10月23日,,,,,,,,,,,,,,,,,,,,,,,,,,,
dunk sb 芝加哥,42,2512,全新,配件齐全,,未售出,,#VALUE!,1178.87 ,0.00%,10月23日,,,,,,,,,,,,,,,,,,,,,,,,,,,
dunk sb huf 旧金山,43,1063,95新,配件丢失,,售出,32550,#VALUE!,1011.78 ,46.76%,10月26日,,,,,,,,,,,,,,,,,,,,,,,,,,,
dunk sb 高邦钻石,42.5,898,8新,配件丢失,海关 ,售出,33480,#VALUE!,409.04 ,0.00%,10月26日,2024/12/25,,,,,,,,,,,,,,,,,,,,,,,,,,
ja1 粉,41,729,全新,配件齐全,,售出,24645,#VALUE!,716.19 ,58.70%,10月26日,2023/12/6,,,,SNKRDUNK,,,,,,,,,,,,,,,,,,,,,,
dunk sb 白外星人 2.0,42.5,950,9新,配件齐全,,未售出,,#VALUE!,0.00 ,0.00%,10月30日,,,,,,,,,,,,,,,,,,,,,,,,,,,
aj1 黑红脚趾,42,700,8新,配件丢失,,未售出,,#VALUE!,0.00 ,0.00%,10月31日,,,,,,,,,,,,,,,,,,,,,,,,,,,
aj1 黑红脚趾,44,1012,9新,配件齐全,,售出,33480,#VALUE!,497.05 ,58.84%,11月1日,,,,,,,,,,,,,,,,,,,,,,,,,,,
ja1 粉,43,839,全新,配件齐全,,售出,30690,#VALUE!,709.48 ,74.64%,11月2日,2024/2/1,,,,SNKRDUNK,,,,,,,,,,,,,,,,,,,,,,
ja1 粉,42.5,749,全新,配件齐全,,售出,21855,#VALUE!,427.90 ,35.46%,11月2日,2023/11/14,,,,SNKRDUNK,,,,,,,,,,,,,,,,,,,,,,
kobe1 大师之路,41,1240,9新,配件齐全,,售出,42240,#VALUE!,0.00 ,65.66%,11月2日,2024/6/5,,,闲鱼,,,,,,,,,,,,,,,,,,,,,,,
ts af1,41,960,95新,配件齐全,,售出,33480,#VALUE!,0.00 ,67.45%,11月2日,2024/1/28,,,,,,,,,,,,,,,,,,,,,,,,,,
dunk sb 熊猫鸽子,43,1500,9新,鞋盒丢失,95,未售出,,#VALUE!,595.48 ,0.00%,11月3日,,,,,,,,,,,,,,,,,,,,,,,,,,,
aj1 禁穿 16,42.5,1313,9新,配件鞋盒丢失,,未售出,34224,#VALUE!,626.19 ,0.00%,11月7日,,,,,,,,,,,,,,,,,,,,,,,,,,,
aj1 禁穿 16,43,3300,未使用近全新,配件齐全,95,未售出,,#VALUE!,265.61 ,0.00%,11月7日,,,,,,,,,,,,,,,,,,,,,,,,,,,
aj1 黑紫脚趾,46,1700,全新,配件齐全,,售出,55800,#VALUE!,814.24 ,61.52%,11月8日,2024/5/8,,,,,,,,,,,,,,,,,,,,,,,,,,
aj1 阴阳,42,551,9新,配件鞋盒丢失,咸鱼,未售出,,#VALUE!,647.48 ,0.00%,11月8日,,,,,,,,,,,,,,,,,,,,,,,,,,,
dunk sb ftc,42.5,3000,全新,配件齐全,95,售出,93000,#VALUE!,0.00 ,54.77%,11月8日,2024/7/28,,,,,,,,,,,,,,,,,,,,,,,,,,
aj1 禁穿 16,42,3200,未使用近全新,配件齐全,95,售出,110600,#VALUE!,0.00 ,73.14%,11月9日,,,,,,,,,,,,,,,,,,,,,,,,,,,
nb 992EA 黑武士 ,40,1700,全新,配件齐全,dw,售出,69500,#VALUE!,0.00 ,102.62%,11月10日,2024/6/10,,,,,,,,,,,,,,,,,,,,,,,,,,
aj1 禁穿 16,42.5,1088,8新,配件丢失,95白色鞋带丢失,未售出,,#VALUE!,1045.80 ,0.00%,11月12日,,,,,,,,,,,,,,,,,,,,,,,,,,,
dunk sb 木乃伊,42.5,2000,全新,配件丢失,95鞋带丢失,未售出,,#VALUE!,0.00 ,0.00%,11月24日,,,,,,,,,,,,,,,,,,,,,,,,,,,
dunk sb 白寡妇,44,1460,全新,配件齐全,咸鱼,售出,,#VALUE!,1643.00 ,0.00%,12月7日,,,,,,,,,,,,,,,,,,,,,,,,,,,
dunk sb 春丽,42.5,2000,9新,鞋盒丢失,咸鱼,售出,,#VALUE!,2340.60 ,0.00%,12月7日,,,,,,,,,,,,,,,,,,,,,,,,,,,
dunk sb 高邦钻石,44,1100,9新,配件齐全,咸鱼 鞋带未知,未售出,,#VALUE!,1744.50 ,0.00%,12月7日,,,,,,,,,,,,,,,,,,,,,,,,,,,
dunk kasina 浅蓝,41,1880,95新,配件齐全,,未售出,,#VALUE!,0.00 ,0.00%,12月8日,,,,,,,,,,,,,,,,,,,,,,,,,,,
dunk sb sod,45.5,2000,9新,配件鞋盒丢失,95,未售出,,#VALUE!,0.00 ,0.00%,12月8日,,,,,,,,,,,,,,,,,,,,,,,,,,,
nb 992EA 黑武士 ,42,1700,全新,配件齐全,咸鱼,售出,80910,#VALUE!,-1560.00 ,136.85%,12月8日,2024/1/15,,,,,,,,,,,,,,,,,,,,,,,,,,
aj1 北卡蓝,43,1220,9新,配件齐全,咸鱼,售出,55800,#VALUE!,-2100.00 ,125.07%,12月10日,2024/3/21,,,,,,,,,,,,,,,,,,,,,,,,,,
dunk sb 熊猫鸽子,44,2050,9新,配件齐全,咸鱼,售出,72540,#VALUE!,0.00 ,75.59%,12月10日,,,,,,,,,,,,,,,,,,,,,,,,,,,
dunk sb 白寡妇,43,1300,全新,配件齐全,咸鱼,售出,,#VALUE!,0.00 ,0.00%,12月11日,,,,,,,,,,,,,,,,,,,,,,,,,,,
dunk sb 黑外星人 2.0,44.5,1800,全新,配件齐全,咸鱼,未售出,,#VALUE!,0.00 ,0.00%,12月11日,,,,,,,,,,,,,,,,,,,,,,,,,,,
nb 992EB 黑,44,900,9新,配件齐全,咸鱼验证,售出,34224,#VALUE!,2326.41 ,82.82%,12月11日,,,,,,,,,,,,,,,,,,,,,,,,,,,
aj1 禁穿 16,44.5,3200,未使用近全新,配件齐全,44.,未售出,,#VALUE!,1525.80 ,0.00%,12月19日,,,,,,,,,,,,,,,,,,,,,,,,,,,
dunk sb huf 旧金山,44.5,1000,9新,配件丢失,95 纸袋没了,售出,28990,#VALUE!,1549.54 ,0.00%,12月19日,2025/1/7,,,,,,,,,,,,,,,,,,,,,,,,,,
dunk sb 高邦钻石,44,2800,全新,配件齐全,wx,售出,102300,#VALUE!,-1400.00 ,82.76%,12月19日,2024/1/24,,,,,,,,,,,,,,,,,,,,,,,,,,
dunk sb 滑板女郎,42,5200,全新,配件齐全,wx盒子损坏,未售出,,#VALUE!,0.00 ,0.00%,12月19日,,,,微信,,,,,,,,,,,,,,,,,,,,,,,
dunk sb 滑板女郎,42,5600,全新,配件齐全,wx,未售出,,#VALUE!,745.42 ,0.00%,12月19日,,,,微信,,,,,,,,,,,,,,,,,,,,,,,
aj1 禁止转卖,42,3585,全新,配件齐全,95 ,售出,93000,#VALUE!,0.00 ,29.51%,12月26日,2024/3/25,,,,,,,,,,,,,,,,,,,,,,,,,,
dunk sb 情人节 2013,44.5,1983,未使用近全新,配件齐全,95 瑕疵氧化,未售出,,#VALUE!,378.49 ,0.00%,12月26日,,,,,,,,,,,,,,,,,,,,,,,,,,,
dunk sb 芝加哥,44.5,2979,全新,配件齐全,dw,售出,44640,#VALUE!,2317.30 ,-26.93%,12月26日,2024/4/6,,,,,,,,,,,,,,,,,,,,,,,,,,
dunk sb 芝加哥,44.5,2769,未使用近全新,配件齐全,现在寄存在平台 有氧化问题,售出,28574,#VALUE!,0.00 ,-50.98%,12月26日,2024/7/30,,,,,,,,,,,,,,,,,,,,,,,,,,
ja1 粉,42.5,749,全新,配件齐全,,售出,32550,#VALUE!,0.00 ,0.00%,,2024/1/28,,,,SNKRDUNK,,,,,,,,,,,,,,,,,,,,,,
ja1 粉,42.5,749,全新,配件齐全,,售出,30680,#VALUE!,0.00 ,0.00%,,2024/1/19,,,,SNKRDUNK,,,,,,,,,,,,,,,,,,,,,,
,,,,,,,,,,,,,,,,,,,,,,,,,,,,,,,,,,,,,,
名称,货号,尺码,购入价,成色,配件,备注,状态,售出价格（日元）,售出价格（人民币）,利润,利润率,购入时间,售出日,上架日期,出售时长,购入平台,售出平台,商品ID,寄送方式,是否退货,退货原因,,,,,,,,,,,,,,,,,
aj1 low小dior,,36,560,全新,配件齐全,栋哥,售出,13894,#VALUE!,281.90 ,50.34%,2024/1/8,2024/1/22,,14.00 ,其他,SNKRDUNK,,邮寄,,,,,,,,,,,,,,,,,,,
aj1 low小dior,,36,560,全新,配件齐全,栋哥,售出,14000,#VALUE!,284.20 ,50.75%,2024/1/8,2024/1/23,,15.00 ,其他,SNKRDUNK,,邮寄,,,,,,,,,,,,,,,,,,,
aj1 low小dior,,36,560,全新,配件齐全,栋哥,售出,15457,#VALUE!,287.00 ,51.25%,2024/1/8,2024/1/26,,18.00 ,其他,SNKRDUNK,,邮寄,,,,,,,,,,,,,,,,,,,
dunk sb 芝加哥,,46,2899,全新,配件齐全,dw,售出,48825,#VALUE!,291.65 ,10.06%,2024/1/9,2024/4/15,,97.00 ,得物,SNKRDUNK,,邮寄,,,,,,,,,,,,,,,,,,,
dunk sb 高帮钻石,,43,2613,未使用近全新,配件齐全,盒子有烧（在库,售出,96720,#VALUE!,380.00 ,14.54%,2024/1/10,2024/10/17,,281.00 ,,SNKRDUNK,,邮寄,,,,,,,,,,,,,,,,,,,
aj1 薄荷糖,,42,1969,全新,配件齐全,修复痕迹 dw,未售出,,#VALUE!,0.00 ,0.00%,2024/1/13,,,,,,,邮寄,,,,,,,,,,,,,,,,,,,
nb 2002 steel,,40.5,599,全新,配件齐全,dw,售出,18576,#VALUE!,642.50 ,107.26%,2024/1/13,2024/4/21,,99.00 ,,SNKRDUNK,,邮寄,,,,,,,,,,,,,,,,,,,
aj1 golf 芝加哥,,46,588,9新,鞋盒丢失,,未售出,,#VALUE!,584.70 ,99.44%,2024/1/15,,,,,,,邮寄,,,,,,,,,,,,,,,,,,,
aj1 薄荷糖,,42,713,9新,配件齐全,,未售出,,#VALUE!,1061.70 ,148.91%,2024/1/15,,,,,,,邮寄,,,,,,,,,,,,,,,,,,,
aj1 黑红脚趾,,42.5,1013,9新,配件齐全,补色,未售出,,#VALUE!,0.00 ,0.00%,2024/1/15,,,,,,,邮寄,,,,,,,,,,,,,,,,,,,
aj1 黑紫脚趾,,42,1033,95新,配件丢失,,在途,,#VALUE!,1038.00 ,100.48%,2024/1/15,,,,,,,邮寄,,,,,,,,,,,,,,,,,,,
aj1 新秀,,41,713,9新,配件丢失,,未售出,,#VALUE!,0.00 ,0.00%,2024/1/15,,,,,,,邮寄,,,,,,,,,,,,,,,,,,,
aj1 golf 芝加哥,,44.5,899,95新,配件齐全,,售出,29760,#VALUE!,-736.00 ,-81.87%,2024/1/15,,,,,SNKRDUNK,,邮寄,,,,,,,,,,,,,,,,,,,
aj1 薄荷糖,,42,2089,全新,配件齐全,dw,售出,50350,#VALUE!,0.00 ,0.00%,2024/1/15,,,,,SNKRDUNK,,邮寄,,,,,,,,,,,,,,,,,,,
aj1 黑紫脚趾,,44,664,9新,配件鞋盒丢失,95,未售出,,#VALUE!,278.85 ,42.00%,2024/1/16,,,,95分,,,邮寄,,,,,,,,,,,,,,,,,,,
dunk sb 白钻石,,42.5,1360,9新,配件齐全,咸鱼,售出,40920,#VALUE!,293.05 ,21.55%,2024/1/16,2024/6/19,,155.00 ,,,,邮寄,,,,,,,,,,,,,,,,,,,
aj1 禁穿 16,,43,1694,95新,配件鞋盒丢失,,售出,61149,#VALUE!,328.85 ,19.41%,2024/1/16,2024/4/24,,99.00 ,,SNKRDUNK,,邮寄,,,,,,,,,,,,,,,,,,,
aj1 薄荷糖,,42,2089,全新,配件齐全,dw,售出,50350,#VALUE!,333.50 ,15.96%,2024/1/17,,,,,,,邮寄,,,,,,,,,,,,,,,,,,,
aj1 黑红脚趾,,42.5,1200,9新,配件齐全,95 鞋带无,售出,32680,#VALUE!,333.50 ,27.79%,2024/1/18,2024/5/24,,127.00 ,,,,邮寄,,,,,,,,,,,,,,,,,,,
aj1 北卡蓝,,43,1100,9新,配件齐全,咸鱼,售出,34410,#VALUE!,0.00 ,0.00%,2024/1/18,,,,,SNKRDUNK,,邮寄,,,,,,,,,,,,,,,,,,,
aj1 禁穿 16,,44,1079,9新,配件齐全,95,售出,52080,#VALUE!,0.00 ,0.00%,2024/1/18,2024/3/27,,69.00 ,95分,MERUCARI,,邮寄,,,,,,,,,,,,,,,,,,,
aj1 黑红脚趾,,44,1188,全新,配件齐全,95,在途,,#VALUE!,395.50 ,33.29%,2024/1/19,,,,,,,邮寄,,,,,,,,,,,,,,,,,,,
aj1 黑紫脚趾,,44,764,8新,配件丢失,95鞋带,在途,,#VALUE!,715.95 ,93.71%,2024/1/19,,,,,,,邮寄,,,,,,,,,,,,,,,,,,,
aj1 白紫,,43,1244,全新,配件齐全,95,售出,32250,#VALUE!,611.20 ,49.13%,2024/1/19,2024/2/21,,33.00 ,,SNKRDUNK,,邮寄,,,,,,,,,,,,,,,,,,,
aj1 黑红脚趾,,42,1130,9新,配件齐全,95,在途,,#VALUE!,731.20 ,64.71%,2024/1/20,,,,,,,邮寄,,,,,,,,,,,,,,,,,,,
aj1 黑红脚趾,,43,843,9新,配件鞋盒丢失,95,售出,26040,#VALUE!,2184.00 ,259.07%,2024/1/20,2024/10/19,,273.00 ,95分,SNKRDUNK,,邮寄,,,,,,,,,,,,,,,,,,,
aj1 禁穿 16,,42.5,3313,未使用近全新,配件齐全,95,售出,92814,#VALUE!,0.00 ,0.00%,2024/1/20,2024/10/1,,255.00 ,95分,SNKRDUNK,,邮寄,,,,,,,,,,,,,,,,,,,
dunk sb ftc,,41,2650,全新,配件齐全,95,售出,111600,#VALUE!,127.50 ,4.81%,2024/1/20,2024/8/3,,196.00 ,,,,邮寄,,,,,,,,,,,,,,,,,,,
aj1 黑曜石,,43,800,9新,配件丢失,95,在途,,#VALUE!,1300.70 ,162.59%,2024/1/21,,,,,,,邮寄,,,,,,,,,,,,,,,,,,,
aj1 禁穿 16,,44,1302,9新,配件齐全,95,未售出,,#VALUE!,0.00 ,0.00%,2024/1/21,,,,,,,邮寄,,,,,,,,,,,,,,,,,,,
dunk sb 黑生胶,,39,820,全新,配件丢失,咸鱼,未售出,,#VALUE!,147.50 ,17.99%,2024/1/21,,,,,,,邮寄,,,,,,,,,,,,,,,,,,,
dunk sb 烟雾,,41,4020,未使用近全新,配件齐全,咸鱼,未售出,,#VALUE!,203.30 ,5.06%,2024/1/21,,,,,,,邮寄,,,,,,,,,,,,,,,,,,,
nb 992ea,,44,1000,9新,配件齐全,咸鱼,未售出,,#VALUE!,240.05 ,24.01%,2024/1/21,,,,,,,邮寄,,,,,,,,,,,,,,,,,,,
aj1 禁穿 16,,43,3499,未使用近全新,配件齐全,95,售出,100400,#VALUE!,0.00 ,0.00%,2024/1/21,2024/3/10,,49.00 ,95分,SNKRDUNK,,邮寄,,,,,,,,,,,,,,,,,,,
aj1 禁穿 16,,43,3300,未使用近全新,配件齐全,95,售出,113460,#VALUE!,0.00 ,0.00%,2024/1/21,2024/3/18,,57.00 ,95分,SNKRDUNK,,邮寄,,,,,,,,,,,,,,,,,,,
aj1 禁穿 13,,42,2666,全新,配件齐全,95,售出,115209,#VALUE!,0.00 ,0.00%,2024/1/21,2024/3/29,,68.00 ,95分,SNKRDUNK,,邮寄,,,,,,,,,,,,,,,,,,,
aj1 禁穿 13,,41,2392,全新,配件齐全,95 小磨损,售出,64170,#VALUE!,964.50 ,40.32%,2024/1/23,2024/3/23,,60.00 ,95分,SNKRDUNK,,邮寄,,,,,,,,,,,,,,,,,,,
dunk sb 高帮钻石,,42.5,2878,未使用近全新,配件齐全,咸鱼,未上架,,#VALUE!,0.00 ,0.00%,2024/1/25,,,,,,,邮寄,,,,,,,,,,,,,,,,,,,
aj1 黑红脚趾,,43,800,9新,配件齐全,咸鱼,售出,34875,#VALUE!,0.00 ,0.00%,2024/1/25,,,,,,,邮寄,,,,,,,,,,,,,,,,,,,
aj1 禁止转卖,,43,1550,9新,配件鞋盒丢失,咸鱼,售出,54400,#VALUE!,0.00 ,0.00%,2024/1/25,,,,,,,邮寄,,,,,,,,,,,,,,,,,,,
aj1 黑红脚趾,,43,800,9新,配件鞋盒丢失,咸鱼,未上架,,#VALUE!,1370.50 ,171.31%,2024/1/26,,,,,,,邮寄,,,,,,,,,,,,,,,,,,,
dunk sb 灯芯绒,,40.5,854,9新,配件齐全,95分,未售出,,#VALUE!,508.00 ,59.48%,2024/1/26,,,,,,,邮寄,,,,,,,,,,,,,,,,,,,
dunk sb 熊猫鸽子,,43,1870,9新,配件齐全,95,未售出,,#VALUE!,589.50 ,31.52%,2024/1/26,,,,,,,邮寄,,,,,,,,,,,,,,,,,,,
aj1 新秀,,42,664,8新,配件鞋盒丢失,95,售出,25000,#VALUE!,0.00 ,0.00%,2024/1/26,2024/5/31,,126.00 ,95分,SNKRDUNK,,邮寄,,,,,,,,,,,,,,,,,,,
aj1 黑脚趾 13,,42.5,985,8新,配件鞋盒丢失,95,售出,41850,#VALUE!,767.50 ,77.92%,2024/1/26,2024/3/23,,57.00 ,95分,SNKRDUNK,,邮寄,,,,,,,,,,,,,,,,,,,
dunk sb 高帮钻石,,44,1300,9新,配件鞋盒丢失,咸鱼（在库,未售出,,#VALUE!,946.00 ,72.77%,2024/1/27,,,,闲鱼,,,邮寄,,,,,,,,,,,,,,,,,,,
aj1 禁止转卖,,43,1800,9新,配件鞋盒丢失,咸鱼,售出,59334,#VALUE!,5680.00 ,315.56%,2024/1/27,2024/4/24,,88.00 ,闲鱼,SNKRDUNK,,邮寄,,,,,,,,,,,,,,,,,,,
aj1 禁止转卖,,44,1700,9新,配件鞋盒丢失,咸鱼,售出,64114,#VALUE!,0.00 ,0.00%,2024/1/27,2024/5/4,,98.00 ,,,,邮寄,,,,,,,,,,,,,,,,,,,
aj3 tinker 白钩,,42.5,3266,全新,配件齐全,咸鱼,未售出,,#VALUE!,0.00 ,0.00%,2024/1/28,,,,闲鱼,,,邮寄,,,,,,,,,,,,,,,,,,,
aj3 真蓝,,42.5,866,95新,配件齐全,咸鱼,未售出,,#VALUE!,2464.00 ,284.53%,2024/1/28,,,,,,,邮寄,,,,,,,,,,,,,,,,,,,
nike adapt 1.0,,42.5,1166,全新,配件齐全,咸鱼,未上架,,#VALUE!,387.25 ,33.21%,2024/1/28,,,,闲鱼,,,邮寄,,,,,,,,,,,,,,,,,,,
dunk sb 高帮钻石,,42.5,2620,未使用近全新,配件齐全,咸鱼,售出,92814,#VALUE!,0.00 ,0.00%,2024/1/28,2024/7/14,,168.00 ,,,,邮寄,,,,,,,,,,,,,,,,,,,
aj1 倒钩高帮,,46,4288,95新,其他,咸鱼,售出,102300,#VALUE!,0.00 ,0.00%,2024/1/28,2024/3/6,,38.00 ,闲鱼,SNKRDUNK,,邮寄,,,,,,,,,,,,,,,,,,,
aj1 藤原浩 大闪电,,42.5,6988,95新,配件齐全,咸鱼,售出,236000,#VALUE!,219.70 ,3.14%,2024/1/28,2024/2/21,,24.00 ,闲鱼,SNKRDUNK,,邮寄,,,,,,,,,,,,,,,,,,,
dunk sb 白外星人,,42.5,2562,全新,配件齐全,95,未售出,,#VALUE!,222.70 ,8.69%,2024/1/29,,,,95分,,,邮寄,,,,,,,,,,,,,,,,,,,
dunk sb 高帮钻石,,42.5,2620,全新,配件齐全,咸鱼小约翰（在库,未售出,,#VALUE!,246.70 ,9.42%,2024/1/29,,,,,,,邮寄,,,,,,,,,,,,,,,,,,,
dunk sb 高帮钻石,,44,1400,8新,配件鞋盒丢失,95（在库,未售出,,#VALUE!,220.50 ,15.75%,2024/1/29,,,,,,,邮寄,,,,,,,,,,,,,,,,,,,
aj1 黑红脚趾,,43,1013,9新,配件丢失,95,售出,34875,#VALUE!,1248.00 ,123.20%,2024/1/29,2024/4/28,,90.00 ,,,,邮寄,,,,,,,,,,,,,,,,,,,
supreme 羊夹克,,s,1622,未使用近全新,配件齐全,咸鱼,未售出,,#VALUE!,2433.00 ,150.00%,2024/1/30,,,,闲鱼,,,邮寄,,,,,,,,,,,,,,,,,,,
aj1 禁穿 16,,43,1185,9新,配件齐全,95,售出,65100,#VALUE!,0.00 ,0.00%,2024/1/30,2024/3/18,,48.00 ,95分,SNKRDUNK,,邮寄,,,,,,,,,,,,,,,,,,,
aj1 黑红脚趾,,42.5,814,8新,配件鞋盒丢失,95,售出,27714,#VALUE!,0.00 ,0.00%,2024/1/31,,,,,,,邮寄,,,,,,,,,,,,,,,,,,,
dunk sb kasina,,42,1488,9新,配件齐全,咸鱼,售出,35270,#VALUE!,0.00 ,0.00%,2024/1/31,2025/1/17,,352.00 ,闲鱼,SNKRDUNK,,邮寄,,,,,,,,,,,,,,,,,,,
aj1 芝加哥 15,,44.5,2464,8新,配件鞋盒丢失,95,售出,82584,#VALUE!,745.00 ,30.24%,2024/1/31,2024/3/23,,52.00 ,95分,SNKRDUNK,,邮寄,,,,,,,,,,,,,,,,,,,
supreme 绿色帽衫,,L,822,95新,配件齐全,闲鱼,未售出,,#VALUE!,0.00 ,0.00%,2024/2/2,,,,闲鱼,,,邮寄,,,,,,,,,,,,,,,,,,,
dunk sb 遛狗 特殊盒,,44,2400,全新,配件齐全,特殊盒，95,未上架,,#VALUE!,0.00 ,0.00%,2024/2/7,,,,,,,邮寄,,,,,,,,,,,,,,,,,,,
aj1 turbo green,,42.5,880,9新,配件齐全,95,售出,31430,#VALUE!,2179.70 ,247.69%,2024/2/17,2024/5/7,,80.00 ,95分,SNKRDUNK,,邮寄,,,,,,,,,,,,,,,,,,,
dunk sb 灯芯绒,,43,700,9新,配件齐全,95分,在途,,#VALUE!,0.00 ,0.00%,2024/2/23,,,,,,,邮寄,,,,,,,,,,,,,,,,,,,
aj1 turbo green,,42.5,824,9新,配件齐全,95,未售出,,#VALUE!,932.50 ,113.17%,2024/3/5,,,,,,,邮寄,,,,,,,,,,,,,,,,,,,
aj1 turbo green,,44.5,700,95新,配件鞋盒丢失,95,售出,25110,#VALUE!,0.00 ,0.00%,2024/3/5,2024/7/25,,142.00 ,,,,邮寄,,,,,,,,,,,,,,,,,,,
aj1 禁止转卖,,44,2200,9新,配件齐全,95,未售出,,#VALUE!,1675.00 ,76.14%,2024/3/6,,,,,,,邮寄,,,,,,,,,,,,,,,,,,,
dunk sb 白外星人 2.0,,44,1880,全新,配件齐全,闲鱼,未售出,,#VALUE!,0.00 ,0.00%,2024/3/6,,,,闲鱼,,,邮寄,,,,,,,,,,,,,,,,,,,
dunk sb 紫鸽子,,43,3680,99新,鞋盒丢失,闲鱼,未售出,,#VALUE!,0.00 ,0.00%,2024/3/6,,,,,,,邮寄,,,,,,,,,,,,,,,,,,,
dunk sb 春丽,,43,4040,全新,配件齐全,闲鱼,售出,138384,#VALUE!,693.20 ,17.16%,2024/3/6,2024/12/23,,292.00 ,闲鱼,SNKRDUNK,,邮寄,,,,,,,,,,,,,,,,,,,
aj1 sb 海军蓝 low,,45,580,8新,配件鞋盒丢失,95,未售出,,#VALUE!,0.00 ,0.00%,2024/3/7,,,,,,,邮寄,,,,,,,,,,,,,,,,,,,
dunk sb 白外星人 2.0,,40,810,8新,配件丢失,95,在途,,#VALUE!,0.00 ,0.00%,2024/3/7,,,,,,,邮寄,,,,,,,,,,,,,,,,,,,
dunk sb 白外星人 2.0,,44,611,9新,配件丢失,95,未售出,,#VALUE!,0.00 ,0.00%,2024/3/7,,,,,,,邮寄,,,,,,,,,,,,,,,,,,,
nb 992 stone island,,39,2002,全新,配件齐全,95,未售出,,#VALUE!,1774.50 ,88.64%,2024/3/7,,,,95分,,,邮寄,,,,,,,,,,,,,,,,,,,
dunk sb 白外星人 2.0,,42,590,8新,配件丢失,95,售出,27714,#VALUE!,1605.50 ,272.12%,2024/3/7,2024/4/6,,30.00 ,95分,SNKRDUNK,,邮寄,,,,,,,,,,,,,,,,,,,
aj1 golf 芝加哥,,42.5,663,95新,配件丢失,95,售出,27900,#VALUE!,0.00 ,0.00%,2024/3/7,,,,,,,邮寄,,,,,,,,,,,,,,,,,,,
aj1 sb 海军蓝 low,,40.5,950,9新,配件齐全,95,售出,37000,#VALUE!,0.00 ,0.00%,2024/3/7,2024/4/7,,31.00 ,95分,SNKRDUNK,,邮寄,,,,,,,,,,,,,,,,,,,
nb 992eb ,,41,1169,9新,配件齐全,95,售出,41664,#VALUE!,1357.50 ,116.12%,2024/3/7,2024/4/16,,40.00 ,95分,SNKRDUNK,,邮寄,,,,,,,,,,,,,,,,,,,
dunk sb 潜鸟,,42.5,1460,95新,配件鞋盒丢失,闲鱼,售出,53940,#VALUE!,0.00 ,0.00%,2024/3/7,2024/5/1,,55.00 ,,,,邮寄,,,,,,,,,,,,,,,,,,,
dunk sb 喜力,,42,4360,9新,配件鞋盒丢失,闲鱼,售出,158100,#VALUE!,0.00 ,0.00%,2024/3/7,2024/5/7,,61.00 ,闲鱼,SNKRDUNK,,邮寄,,,,,,,,,,,,,,,,,,,
aj1 大闪电,,43,13523,未使用近全新,配件齐全,95,售出,334000,#VALUE!,0.00 ,0.00%,2024/3/7,2024/6/26,,111.00 ,95分,SNKRDUNK,,邮寄,,,,,,,,,,,,,,,,,,,
aj1 芝加哥 15,,42,2415,9新,配件丢失,95,未上架,,#VALUE!,759.50 ,31.45%,2024/3/8,,,,,,,邮寄,,,,,,,,,,,,,,,,,,,
aj1 禁止转卖,,42.5,1215,8新,配件齐全,95,售出,39060,#VALUE!,0.00 ,0.00%,2024/3/8,2024/3/21,,13.00 ,95分,SNKRDUNK,,邮寄,,,,,,,,,,,,,,,,,,,
dunk sb 星巴克,,40.5,612,战斗成色,配件丢失,95,售出,26500,#VALUE!,0.00 ,0.00%,2024/3/9,2024/5/7,,59.00 ,95分,SNKRDUNK,,邮寄,,,,,,,,,,,,,,,,,,,
aj1 黑红禁穿 2011,,44,3074,8新,配件鞋盒丢失,95,未上架,,#VALUE!,0.00 ,0.00%,2024/3/10,,,,,,,邮寄,,,,,,,,,,,,,,,,,,,
aj1 芝加哥 15,,41,2100,9新,配件齐全,闲鱼,未上架,,#VALUE!,0.00 ,0.00%,2024/3/10,,,,,,,邮寄,,,,,,,,,,,,,,,,,,,
dunk sb 飞猪 特殊盒,,42.5,2700,未使用近全新,配件齐全,闲鱼 特殊盒,未上架,,#VALUE!,347.70 ,12.88%,2024/3/10,,,,,,,邮寄,,,,,,,,,,,,,,,,,,,
dunk sb 汤达人,,44.5,835,9新,配件齐全,95,未售出,,#VALUE!,0.00 ,0.00%,2024/3/10,,,,,,,邮寄,,,,,,,,,,,,,,,,,,,
aj1 芝加哥 15,,43,2512,9新,配件齐全,闲鱼,售出,93000,#VALUE!,0.00 ,0.00%,2024/3/10,,,,,SNKRDUNK,,邮寄,,,,,,,,,,,,,,,,,,,
nb 992eb ,,40.5,850,9新,配件齐全,95,未上架,,#VALUE!,0.00 ,0.00%,2024/3/11,,,,,,,邮寄,,,,,,,,,,,,,,,,,,,
aj1 sb 海军蓝 low,,43,750,9新,鞋盒丢失,95,售出,37014,#VALUE!,2985.00 ,398.00%,2024/3/11,2024/11/6,,240.00 ,,SNKRDUNK,,邮寄,,,,,,,,,,,,,,,,,,,
dunk sb aqua,,40,900,95新,配件齐全,95,未上架,,#VALUE!,5160.00 ,573.33%,2024/3/12,,,,,,,邮寄,,,,,,,,,,,,,,,,,,,
dunk sb 道奇,,43,491,战斗成色,配件鞋盒丢失,95,售出,26784,#VALUE!,0.00 ,0.00%,2024/3/12,2024/7/17,,127.00 ,,,,邮寄,,,,,,,,,,,,,,,,,,,
aj1 黑红脚趾,,42,600,8新,配件鞋盒丢失,95,售出,26914,#VALUE!,0.00 ,0.00%,2024/3/13,2024/9/10,,181.00 ,,,,邮寄,,,,,,,,,,,,,,,,,,,
aj1 蜘蛛侠 1.0,,44,1614,9新,配件鞋盒丢失,95,售出,52824,#VALUE!,0.00 ,0.00%,2024/3/13,2024/8/21,,161.00 ,95分,SNKRDUNK,,邮寄,,,,,,,,,,,,,,,,,,,
dunk sb 遛狗 特殊盒,,42.5,1721,全新,配件齐全,95,售出,85560,#VALUE!,0.00 ,0.00%,2024/3/13,2024/12/5,,267.00 ,,,,邮寄,,,,,,,,,,,,,,,,,,,
dunk sb 汤达人,,42,765,9新,配件齐全,95,未售出,,#VALUE!,1142.50 ,149.35%,2024/3/14,,,,95分,,,邮寄,,,,,,,,,,,,,,,,,,,
aj1 禁穿 16,,43,1100,95新,配件齐全,95,售出,46560,#VALUE!,0.00 ,0.00%,2024/3/14,2024/6/15,,93.00 ,95分,SNKRDUNK,,邮寄,,,,,,,,,,,,,,,,,,,
dunk sb 汤达人,,42.5,580,8新,配件鞋盒丢失,95,在途,,#VALUE!,0.00 ,0.00%,2024/3/17,,,,闲鱼,,,邮寄,,,,,,,,,,,,,,,,,,,
aj1 golf 芝加哥,,42.5,661,9新,配件齐全,95,售出,30690,#VALUE!,0.00 ,0.00%,2024/3/17,2024/4/24,,38.00 ,95分,SNKRDUNK,,邮寄,,,,,,,,,,,,,,,,,,,
dunk sb 高帮钻石,,42.5,1488,95新,配件齐全,闲鱼（在库,售出,50034,#VALUE!,0.00 ,0.00%,2024/3/17,2024/10/7,,204.00 ,95分,,,邮寄,,,,,,,,,,,,,,,,,,,
dunk sb 草莓熊,,42,780,9新,配件鞋盒丢失,95,售出,24180,#VALUE!,1761.00 ,225.77%,2024/3/18,2024/12/15,,272.00 ,95分,,,邮寄,,,,,,,,,,,,,,,,,,,
aj1 禁穿 16,,40.5,1350,9新,配件齐全,支付宝转账 青云,未售出,,#VALUE!,0.00 ,0.00%,2024/3/19,,,,微信,,,邮寄,,,,,,,,,,,,,,,,,,,
aj1 禁穿 16,,41,1350,9新,配件齐全,支付宝转账 青云,未售出,,#VALUE!,0.00 ,0.00%,2024/3/19,,,,微信,,,邮寄,,,,,,,,,,,,,,,,,,,
aj1 禁穿 16,,42.5,2765,未使用近全新,鞋盒丢失,95,售出,102300,#VALUE!,747.00 ,27.02%,2024/3/19,2024/5/7,,49.00 ,95分,SNKRDUNK,,邮寄,,,,,,,,,,,,,,,,,,,
aj1 禁穿 16,,45.5,2386,全新,鞋盒丢失,95,未上架,,#VALUE!,810.00 ,33.95%,2024/3/20,,,,,,,邮寄,,,,,,,,,,,,,,,,,,,
aj1 禁止转卖,,43,1216,8新,配件鞋盒丢失,95,售出,40920,#VALUE!,0.00 ,0.00%,2024/3/21,2024/6/19,,90.00 ,95分,SNKRDUNK,,邮寄,,,,,,,,,,,,,,,,,,,
aj1 芝加哥 15,,46,3500,9新,配件齐全,闲鱼 带黑牌,售出,111600,#VALUE!,996.20 ,28.46%,2024/3/23,2024/5/3,,41.00 ,,SNKRDUNK,,邮寄,,,,,,,,,,,,,,,,,,,
aj1 禁穿 16,,43,3166,全新,配件齐全,95,未售出,,#VALUE!,940.00 ,29.69%,2024/3/24,,,,,,,邮寄,,,,,,,,,,,,,,,,,,,
dunk sb mid 寡妇,,40.5,210,战斗成色,配件鞋盒丢失,95,未售出,,#VALUE!,425.70 ,202.71%,2024/3/24,,,,95分,,,邮寄,,,,,,,,,,,,,,,,,,,
dunk sb 爱尔兰,,42,1400,9新,配件鞋盒丢失,95,未售出,,#VALUE!,0.00 ,0.00%,2024/3/25,,,,,,,邮寄,,,,,,,,,,,,,,,,,,,
aj1 芝加哥 15,,42.5,2515,9新,配件鞋盒丢失,,未售出,,#VALUE!,0.00 ,0.00%,2024/4/3,,,,95分,,,邮寄,,,,,,,,,,,,,,,,,,,
dunk sb 道奇,,41,550,8新,配件鞋盒丢失,,未上架,,#VALUE!,0.00 ,0.00%,2024/4/3,,,,95分,,,邮寄,,,,,,,,,,,,,,,,,,,
aj1 low 单宁水洗,,40,578,全新,配件齐全,,售出,13113,#VALUE!,401.85 ,69.52%,2024/4/3,2024/6/4,,62.00 ,95分,,,邮寄,,,,,,,,,,,,,,,,,,,
aj1 low 单宁水洗,,43,568,全新,配件齐全,,售出,14111,#VALUE!,1707.00 ,300.53%,2024/4/3,2024/5/6,,33.00 ,95分,,,邮寄,,,,,,,,,,,,,,,,,,,
aj1 low 单宁水洗,,43,568,全新,配件齐全,,售出,14880,#VALUE!,0.00 ,0.00%,2024/4/3,2024/4/26,,23.00 ,95分,,,邮寄,,,,,,,,,,,,,,,,,,,
aj1 low 单宁水洗,,42.5,564,全新,配件齐全,闲鱼,售出,14973,#VALUE!,1183.00 ,209.75%,2024/4/3,2024/5/4,,31.00 ,闲鱼,,,邮寄,,,,,,,,,,,,,,,,,,,
aj1 low 单宁水洗,,43,568,全新,配件齐全,,售出,15411,#VALUE!,0.00 ,0.00%,2024/4/3,2024/5/6,,33.00 ,95分,,,邮寄,,,,,,,,,,,,,,,,,,,
aj1 low 单宁水洗,,43,568,全新,配件齐全,,售出,15751,#VALUE!,0.00 ,0.00%,2024/4/3,2024/5/2,,29.00 ,95分,,,邮寄,,,,,,,,,,,,,,,,,,,
aj1 low 单宁水洗,,40,578,全新,配件齐全,,售出,15880,#VALUE!,421.50 ,72.92%,2024/4/3,2024/4/24,,21.00 ,95分,,,邮寄,,,,,,,,,,,,,,,,,,,
aj1 low 单宁水洗,,43,564,全新,配件齐全,闲鱼,售出,18265,#VALUE!,0.00 ,0.00%,2024/4/3,2024/4/29,,26.00 ,闲鱼,,,邮寄,,,,,,,,,,,,,,,,,,,
dunk sb 芝加哥,,42.5,1500,全新,配件齐全,鞋盒破损,售出,29800,#VALUE!,0.00 ,0.00%,2024/4/3,2024/7/14,,102.00 ,95分,SNKRDUNK,,邮寄,,,,,,,,,,,,,,,,,,,
dunk sb 芝加哥,,44,1659,全新,配件齐全,,售出,33276,#VALUE!,0.00 ,0.00%,2024/4/3,,,,95分,SNKRDUNK,,邮寄,,,,,,,,,,,,,,,,,,,
dunk sb 钻石低帮,,40,2800,8新,配件鞋盒丢失,闲鱼,售出,91270,#VALUE!,0.00 ,0.00%,2024/4/3,2024/7/5,,93.00 ,闲鱼,SNKRDUNK,,邮寄,,,,,,,,,,,,,,,,,,,
aj1 黑脚趾 13,,42,1124,95新,配件鞋盒丢失,,未售出,,#VALUE!,993.50 ,88.39%,2024/4/4,,,,95分,,,邮寄,,,,,,,,,,,,,,,,,,,
aj1 禁止转卖,,44.5,1416,战斗成色,配件齐全,,在途,,#VALUE!,1213.50 ,85.70%,2024/4/4,,,,95分,,,邮寄,,,,,,,,,,,,,,,,,,,
dunk sb 白外星人 2.0,,42.5,419,战斗成色,配件齐全,鞋盒破损,未上架,,#VALUE!,0.00 ,0.00%,2024/4/4,,,,95分,,,邮寄,,,,,,,,,,,,,,,,,,,
dunk sb 薄荷,,42.5,600,9新,配件鞋盒丢失,,未售出,,#VALUE!,0.00 ,0.00%,2024/4/4,,,,95分,,,邮寄,,,,,,,,,,,,,,,,,,,
aj1 禁止转卖,,44.5,1416,9新,配件鞋盒丢失,一边鞋带,售出,53010,#VALUE!,0.00 ,0.00%,2024/4/4,2024/7/13,,100.00 ,95分,,,邮寄,,,,,,,,,,,,,,,,,,,
dunk sb 高帮钻石,,44.5,1700,全新,配件鞋盒丢失,（在库,未售出,,#VALUE!,0.00 ,0.00%,2024/4/5,,,,闲鱼,,B2405,邮寄,,,,,,,,,,,,,,,,,,,
dunk sb low lance moutain,,44.5,1215,全新,配件齐全,闲鱼,售出,40000,#VALUE!,529.50 ,43.58%,2024/4/5,2024/7/19,,105.00 ,闲鱼,MERUCARI,,邮寄,,,,,,,,,,,,,,,,,,,
dunk sb elephant,,42.5,980,9新,配件齐全,,售出,34000,#VALUE!,0.00 ,0.00%,2024/4/8,2024/4/21,,13.00 ,95分,MERUCARI,,邮寄,,,,,,,,,,,,,,,,,,,
aj1 小闪电,,43,785,战斗成色,配件齐全,,售出,30225,#VALUE!,0.00 ,0.00%,2024/4/9,2024/6/4,,56.00 ,95分,SNKRDUNK,,邮寄,,,,,,,,,,,,,,,,,,,
af1 权志龙 白,,42.5,1116,战斗成色,配件齐全,,售出,38130,#VALUE!,548.50 ,49.15%,2024/4/9,2024/5/20,,41.00 ,95分,SNKRDUNK,,邮寄,,,,,,,,,,,,,,,,,,,
af1 ts,,41,1114,95新,配件齐全,,售出,33424,#VALUE!,0.00 ,0.00%,2024/4/10,2024/7/2,,83.00 ,95分,SNKRDUNK,,邮寄,,,,,,,,,,,,,,,,,,,
aj1 小闪电,,43,660,战斗成色,配件齐全,,售出,35154,#VALUE!,688.50 ,104.32%,2024/4/10,2024/8/21,,133.00 ,95分,SNKRDUNK,,邮寄,,,,,,,,,,,,,,,,,,,
dunk sb 橙盒,,44.5,2014,战斗成色,配件齐全,,未售出,,#VALUE!,0.00 ,0.00%,2024/4/11,,,,95分,,,邮寄,,,,,,,,,,,,,,,,,,,
dunk sb 橙盒,,46,1200,9新,配件齐全,,未售出,,#VALUE!,0.00 ,0.00%,2024/4/11,,,,95分,,,邮寄,,,,,,,,,,,,,,,,,,,
dunk sb 迷失,,38.5,400,未使用近全新,配件鞋盒丢失,闲鱼,未售出,,#VALUE!,0.00 ,0.00%,2024/4/11,,,,闲鱼,,,邮寄,,,,,,,,,,,,,,,,,,,
dunk sb supreme rammellzee,,43,1614,战斗成色,配件鞋盒丢失,,售出,39934,#VALUE!,1445.00 ,89.53%,2024/4/11,2024/6/6,,56.00 ,95分,SNKRDUNK,,邮寄,,,,,,,,,,,,,,,,,,,
aj1 ow UNC,,44,8214,全新,配件齐全,,未售出,,#VALUE!,0.00 ,0.00%,2024/4/12,,,,95分,,,邮寄,,,,,,,,,,,,,,,,,,,
dunk sb carpet,,41,515,战斗成色,配件齐全,,未售出,,#VALUE!,0.00 ,0.00%,2024/4/12,,,,95分,,,邮寄,,,,,,,,,,,,,,,,,,,
dunk sb 汤达人,,45,1440,战斗成色,配件齐全,,售出,45380,#VALUE!,872.70 ,60.60%,2024/4/12,2024/5/2,,20.00 ,95分,,,邮寄,,,,,,,,,,,,,,,,,,,
aj1 黑红脚趾,,44,824,战斗成色,配件齐全,,未售出,,#VALUE!,887.00 ,107.65%,2024/4/13,,,,95分,,,邮寄,,,,,,,,,,,,,,,,,,,
aj1 low 芝加哥 15,,41,1250,战斗成色,配件齐全,,售出,35900,#VALUE!,0.00 ,0.00%,2024/4/13,2025/2/6,,299.00 ,95分,,,邮寄,,,,,,,,,,,,,,,,,,,
dunk sb 青苹果,,45.5,739,战斗成色,配件齐全,,未售出,,#VALUE!,0.00 ,0.00%,2024/4/14,,,,95分,,,邮寄,,,,,,,,,,,,,,,,,,,
aj1 黑白熊猫 14,,45,1000,9新,配件鞋盒丢失,,未售出,,#VALUE!,0.00 ,0.00%,2024/4/16,,,,闲鱼,,,邮寄,,,,,,,,,,,,,,,,,,,
aj1 黑脚趾 13,,45,700,9新,配件鞋盒丢失,,未售出,,#VALUE!,727.50 ,103.93%,2024/4/16,,,,闲鱼,,,邮寄,,,,,,,,,,,,,,,,,,,
aj1 扣碎 1.0,,45,1600,9新,配件鞋盒丢失,,未售出,,#VALUE!,0.00 ,0.00%,2024/4/16,,,,闲鱼,,A1224B,邮寄,,,,,,,,,,,,,,,,,,,
aj1 芝加哥 15,,45,2200,9新,配件鞋盒丢失,,未上架,,#VALUE!,0.00 ,0.00%,2024/4/16,,,,闲鱼,,,邮寄,,,,,,,,,,,,,,,,,,,
af1 权志龙 黑,,44,1480,95新,配件齐全,,售出,35154,#VALUE!,0.00 ,0.00%,2024/4/16,2024/6/8,,53.00 ,闲鱼,,,邮寄,,,,,,,,,,,,,,,,,,,
af1 权志龙 黑,,42.5,1150,9新,配件齐全,,售出,39060,#VALUE!,0.00 ,0.00%,2024/4/16,2024/6/19,,64.00 ,95分,,,邮寄,,,,,,,,,,,,,,,,,,,
dunk sb 高帮钻石,,45,800,9新,配件鞋盒丢失,（在库,售出,39990,#VALUE!,917.00 ,114.63%,2024/4/16,2025/1/5,,264.00 ,闲鱼,SNKRDUNK,,邮寄,,,,,,,,,,,,,,,,,,,
dunk sb 高帮钻石,,41,900,战斗成色,配件齐全,（在库,售出,30690,#VALUE!,0.00 ,0.00%,2024/4/17,2024/10/9,,175.00 ,95分,,,邮寄,,,,,,,,,,,,,,,,,,,
dunk sb 遛狗,,42,560,8新,配件齐全,,售出,27900,#VALUE!,-470.00 ,-83.93%,2024/4/21,2024/6/6,,46.00 ,95分,SNKRDUNK,,邮寄,,,,,,,,,,,,,,,,,,,
dunk sb 高帮钻石,,42,1600,95新,配件齐全,（在库,售出,60580,#VALUE!,0.00 ,0.00%,2024/4/21,2024/11/1,,194.00 ,95分,,,邮寄,,,,,,,,,,,,,,,,,,,
dunk sb jedi,,41,1540,8新,配件齐全,,未上架,,#VALUE!,0.00 ,0.00%,2024/4/22,,,,,,,邮寄,,,,,,,,,,,,,,,,,,,
dunk sb DJ12,,44,300,8新,配件齐全,,售出,19150,#VALUE!,1120.00 ,373.33%,2024/4/22,2024/7/19,,88.00 ,闲鱼,,,邮寄,,,,,,,,,,,,,,,,,,,
dunk sb 食神,,42.5,1113,95新,配件齐全,,售出,32000,#VALUE!,2547.00 ,228.84%,2024/4/22,2024/6/14,,53.00 ,95分,SNKRDUNK,,邮寄,,,,,,,,,,,,,,,,,,,
aj1 low 单宁水洗,,44,478,全新,配件齐全,,售出,13671,#VALUE!,206.50 ,43.20%,2024/4/23,2024/7/14,,82.00 ,95分,,,邮寄,,,,,,,,,,,,,,,,,,,
af1 lo mio,,43,550,9新,配件鞋盒丢失,,未售出,,#VALUE!,711.50 ,129.36%,2024/4/24,,,,95分,,,邮寄,,,,,,,,,,,,,,,,,,,
af1 lo mio,,43,400,8新,配件鞋盒丢失,,未售出,,#VALUE!,4900.00 ,1225.00%,2024/4/24,,,,95分,,,邮寄,,,,,,,,,,,,,,,,,,,
aj1 扣碎 1.0,,45,1214,9新,配件鞋盒丢失,,未售出,,#VALUE!,0.00 ,0.00%,2024/4/24,,,,95分,,,邮寄,,,,,,,,,,,,,,,,,,,
aj1 小闪电,,43,914,95新,配件鞋盒丢失,,售出,30951,#VALUE!,0.00 ,0.00%,2024/4/24,2024/10/7,,166.00 ,95分,SNKRDUNK,,邮寄,,,,,,,,,,,,,,,,,,,
nb 992eb ,,44,1014,95新,配件齐全,,售出,37200,#VALUE!,0.00 ,0.00%,2024/4/24,,,,95分,,,邮寄,,,,,,,,,,,,,,,,,,,
dunk sb 飞猪 特殊盒,,43,1820,95新,配件齐全,,未上架,,#VALUE!,585.70 ,32.18%,2024/5/2,,,,,,,邮寄,,,,,,,,,,,,,,,,,,,
dunk off white no.41,,43,1140,95新,配件齐全,,售出,35154,#VALUE!,475.00 ,41.67%,2024/5/2,2024/12/25,,237.00 ,,,,邮寄,,,,,,,,,,,,,,,,,,,
af1 offwhite （the ten）,,43,1060,战斗成色,配件鞋盒丢失,,售出,27900,#VALUE!,0.00 ,0.00%,2024/5/5,2024/12/9,,,,,,邮寄,,,,,,,,,,,,,,,,,,,
aj1 禁穿 16,,43,779,8新,配件齐全,,未售出,,#VALUE!,0.00 ,0.00%,2024/5/8,,,,95分,,,邮寄,,,,,,,,,,,,,,,,,,,
aj1 芝加哥 15,,46,2500,95新,配件鞋盒丢失,,未售出,,#VALUE!,0.00 ,0.00%,2024/5/8,,,,95分,,,邮寄,,,,,,,,,,,,,,,,,,,
dunk sb elephant,,40.5,697,9新,配件鞋盒丢失,,未售出,,#VALUE!,0.00 ,0.00%,2024/5/8,,,,95分,,,邮寄,,,,,,,,,,,,,,,,,,,
dunk sb huf 旧金山,,45,654,9新,配件鞋盒丢失,,未售出,,#VALUE!,103.25 ,15.79%,2024/5/8,,,,95分,,,邮寄,,,,,,,,,,,,,,,,,,,
aj1 禁穿 16,,43,1014,9新,配件鞋盒丢失,,售出,31620,#VALUE!,0.00 ,0.00%,2024/5/9,2024/10/10,,154.00 ,95分,,,邮寄,,,,,,,,,,,,,,,,,,,
dunk sb 异形2,,42,1300,9新,配件齐全,,售出,45570,#VALUE!,0.00 ,0.00%,2024/5/13,2024/7/12,,60.00 ,95分,SNKRDUNK,,邮寄,,,,,,,,,,,,,,,,,,,
aj1 大闪电,,46,7234,9新,配件鞋盒丢失,,售出,167400,#VALUE!,0.00 ,0.00%,2024/5/24,2024/7/14,,51.00 ,95分,SNKRDUNK,,邮寄,,,,,,,,,,,,,,,,,,,
aj1 北卡蓝,,42,780,9新,配件鞋盒丢失,,售出,39800,#VALUE!,0.00 ,0.00%,2024/5/28,2024/8/4,,68.00 ,,,,邮寄,,,,,,,,,,,,,,,,,,,
dunk sb huf 旧金山,,41,609,95新,配件鞋盒丢失,,未售出,,#VALUE!,0.00 ,0.00%,2024/5/31,,,,95分,,,邮寄,,,,,,,,,,,,,,,,,,,
aj1 禁止转卖,,44,1360,95新,配件鞋盒丢失,,在途,,#VALUE!,0.00 ,0.00%,2024/6/5,,,,,,,邮寄,,,,,,,,,,,,,,,,,,,
dunk sb 李维斯,,41,903,95新,配件鞋盒丢失,,未售出,,#VALUE!,0.00 ,0.00%,2024/6/16,,,,95分,,,邮寄,,,,,,,,,,,,,,,,,,,
dunk sb 李维斯,,42.5,2840,全新,配件齐全,,未售出,,#VALUE!,0.00 ,0.00%,2024/6/16,,,,,,,邮寄,,,,,,,,,,,,,,,,,,,
dunk sb 万圣节,,41,360,战斗成色,配件齐全,,售出,18600,#VALUE!,0.00 ,0.00%,2024/6/16,2024/10/17,,123.00 ,闲鱼,,,邮寄,,,,,,,,,,,,,,,,,,,
dunk sb 李维斯,,43,1300,9新,配件鞋盒丢失,,售出,46500,#VALUE!,0.00 ,0.00%,2024/6/16,2024/7/25,,39.00 ,,,,邮寄,,,,,,,,,,,,,,,,,,,
dunk sb 蚊子,,45,1600,9新,配件鞋盒丢失,,未售出,,#VALUE!,0.00 ,0.00%,2024/6/17,,,,闲鱼,,,邮寄,,,,,,,,,,,,,,,,,,,
dunk sb 高达,,44.5,560,8新,配件鞋盒丢失,,售出,14880,#VALUE!,0.00 ,0.00%,2024/6/17,2024/9/27,,102.00 ,95分,,,邮寄,,,,,,,,,,,,,,,,,,,
dunk sb 李维斯,,45,1213,95新,配件鞋盒丢失,,未上架,,#VALUE!,0.00 ,0.00%,2024/6/18,,,,95分,,,邮寄,,,,,,,,,,,,,,,,,,,
nb protection pack 海盐白,,41,600,9新,配件齐全,,未售出,,#VALUE!,0.00 ,0.00%,2024/6/19,,,,95分,,,邮寄,,,,,,,,,,,,,,,,,,,
打包链接,,45,6000,8新,配件鞋盒丢失,A400102,未售出,,#VALUE!,0.00 ,0.00%,2024/6/20,,,,,,,邮寄,,,,,,,,,,,,,,,,,,,
aj1 扣碎 1.0,,44,990,9新,鞋盒丢失,,售出,55614,#VALUE!,0.00 ,0.00%,2024/6/20,2024/7/15,,25.00 ,95分,SNKRDUNK,,邮寄,,,,,,,,,,,,,,,,,,,
nb 2002R GTX灰,,43,636,全新,配件齐全,,售出,15000,#VALUE!,0.00 ,0.00%,2024/6/22,2024/11/9,,140.00 ,95分,SNKRDUNK,,邮寄,,,,,,,,,,,,,,,,,,,
nb 2002R GTX灰,,42.5,636,全新,配件齐全,,售出,19065,#VALUE!,0.00 ,0.00%,2024/6/22,2024/7/14,,22.00 ,95分,SNKRDUNK,,邮寄,,,,,,,,,,,,,,,,,,,
nb 2002R GTX灰,,43,636,全新,配件齐全,,售出,19530,#VALUE!,0.00 ,0.00%,2024/6/22,2024/9/24,,94.00 ,95分,SNKRDUNK,,邮寄,,,,,,,,,,,,,,,,,,,
nb 2002R GTX灰,,44.5,636,全新,配件齐全,,售出,19660,#VALUE!,0.00 ,0.00%,2024/6/22,2024/11/29,,160.00 ,95分,SNKRDUNK,,邮寄,,,,,,,,,,,,,,,,,,,
nb 2002R GTX灰,,43,636,全新,配件齐全,,售出,19995,#VALUE!,0.00 ,0.00%,2024/6/22,2024/8/24,,63.00 ,95分,SNKRDUNK,,邮寄,,,,,,,,,,,,,,,,,,,
nb 2002R GTX灰,,44.5,636,全新,配件齐全,,售出,20358,#VALUE!,0.00 ,0.00%,2024/6/22,2024/10/28,,128.00 ,95分,SNKRDUNK,,邮寄,,,,,,,,,,,,,,,,,,,
nb 2002R GTX灰,,43,636,全新,配件齐全,,售出,20404,#VALUE!,0.00 ,0.00%,2024/6/22,2024/9/7,,77.00 ,95分,SNKRDUNK,,邮寄,,,,,,,,,,,,,,,,,,,
nb 2002R GTX灰,,42,636,全新,配件齐全,,售出,20460,#VALUE!,0.00 ,0.00%,2024/6/22,2024/7/14,,22.00 ,95分,SNKRDUNK,,邮寄,,,,,,,,,,,,,,,,,,,
nb 2002R GTX灰,,42.5,636,全新,配件齐全,,售出,20553,#VALUE!,0.00 ,0.00%,2024/6/22,2024/10/1,,101.00 ,95分,SNKRDUNK,,邮寄,,,,,,,,,,,,,,,,,,,
nb 2002R GTX灰,,44.5,636,全新,配件齐全,,售出,22320,#VALUE!,0.00 ,0.00%,2024/6/22,2024/7/14,,22.00 ,95分,SNKRDUNK,,邮寄,,,,,,,,,,,,,,,,,,,
af1 慈善,,42,780,95新,配件齐全,,未售出,,#VALUE!,0.00 ,0.00%,2024/6/25,,,,闲鱼,,,邮寄,,,,,,,,,,,,,,,,,,,
aj1 黑脚趾 13,,43,420,8新,配件鞋盒丢失,,售出,23250,#VALUE!,0.00 ,0.00%,2024/6/25,,,,闲鱼,,,邮寄,,,,,,,,,,,,,,,,,,,
dunk sb 万圣节,,43,980,9新,配件齐全,,售出,33294,#VALUE!,0.00 ,0.00%,2024/6/25,2024/9/27,,94.00 ,闲鱼,,,邮寄,,,,,,,,,,,,,,,,,,,
dunk sb 小龙虾,,45,1340,95新,配件齐全,,售出,50034,#VALUE!,0.00 ,0.00%,2024/6/25,2024/8/20,,56.00 ,闲鱼,,,邮寄,,,,,,,,,,,,,,,,,,,
aj5 supreme 黑,,44.5,960,9新,配件齐全,,未售出,,#VALUE!,0.00 ,0.00%,2024/7/8,,,,闲鱼,,,邮寄,,,,,,,,,,,,,,,,,,,
dunk sb 高帮钻石,,45,1280,9新,配件鞋盒丢失,（在库,售出,48360,#VALUE!,0.00 ,0.00%,2024/7/8,2024/12/21,,166.00 ,闲鱼,SNKRDUNK,,邮寄,,,,,,,,,,,,,,,,,,,
dunk sb 绿熊,,43,5500,全新,配件齐全,,未售出,,#VALUE!,0.00 ,0.00%,2024/7/10,,,,95分,,,邮寄,,,,,,,,,,,,,,,,,,,
nb 2002R GTX灰,,42,636,全新,配件齐全,,售出,,#VALUE!,0.00 ,0.00%,2024/7/11,2024/8/19,,39.00 ,95分,SNKRDUNK,,邮寄,,,,,,,,,,,,,,,,,,,
dunk sb 枫叶,,40,409,8新,配件鞋盒丢失,,未售出,,#VALUE!,0.00 ,0.00%,2024/7/11,,,,95分,,,邮寄,,,,,,,,,,,,,,,,,,,
nb 2002R GTX灰,,41,636,全新,配件齐全,,售出,20297,#VALUE!,0.00 ,0.00%,2024/7/11,2024/9/12,,63.00 ,95分,SNKRDUNK,,邮寄,,,,,,,,,,,,,,,,,,,
nb 2002R GTX灰,,41,636,全新,配件齐全,,售出,20581,#VALUE!,0.00 ,0.00%,2024/7/11,2024/8/31,,51.00 ,95分,SNKRDUNK,,邮寄,,,,,,,,,,,,,,,,,,,
nb 2002R GTX灰,,41,636,全新,配件齐全,,售出,21297,#VALUE!,0.00 ,0.00%,2024/7/11,2024/9/24,,75.00 ,95分,SNKRDUNK,,邮寄,,,,,,,,,,,,,,,,,,,
nb 2002R GTX灰,,41,636,全新,配件齐全,,售出,21390,#VALUE!,0.00 ,0.00%,2024/7/11,2024/9/26,,77.00 ,95分,SNKRDUNK,,邮寄,,,,,,,,,,,,,,,,,,,
nb 2002R GTX灰,,41,636,全新,配件齐全,,售出,21390,#VALUE!,0.00 ,0.00%,2024/7/11,2024/8/19,,39.00 ,95分,SNKRDUNK,,邮寄,,,,,,,,,,,,,,,,,,,
aj1 黑红 1.5,,41,178,战斗成色,配件齐全,,未售出,,#VALUE!,0.00 ,0.00%,2024/7/13,,,,95分,,,邮寄,,,,,,,,,,,,,,,,,,,
aj1 扣碎 1.0,,41,3000,全新,配件鞋盒丢失,,未售出,,#VALUE!,0.00 ,0.00%,2024/7/13,,,,95分,,,邮寄,,,,,,,,,,,,,,,,,,,
dunk sb elephant,,43,667,8新,配件齐全,,售出,23250,#VALUE!,0.00 ,0.00%,2024/7/13,2024/10/4,,83.00 ,95分,,,邮寄,,,,,,,,,,,,,,,,,,,
aj1 golf 芝加哥,,44,1323,全新,配件齐全,,售出,42779,#VALUE!,0.00 ,0.00%,2024/7/13,2024/9/6,,55.00 ,95分,SNKRDUNK,,邮寄,,,,,,,,,,,,,,,,,,,
aj1 golf 芝加哥,,40.5,535,9新,配件鞋盒丢失,,售出,24924,#VALUE!,0.00 ,0.00%,2024/7/16,2024/10/1,,77.00 ,95分,,,邮寄,,,,,,,,,,,,,,,,,,,
dunk sb 道奇,,44,415,9新,配件齐全,,售出,24924,#VALUE!,0.00 ,0.00%,2024/7/16,2024/11/3,,110.00 ,95分,,,邮寄,,,,,,,,,,,,,,,,,,,
dunk sb born&raised,,43,2831,全新,配件齐全,,售出,102300,#VALUE!,0.00 ,0.00%,2024/7/16,2024/10/22,,98.00 ,95分,,,邮寄,,,,,,,,,,,,,,,,,,,
aj1 golf 芝加哥,,47,700,9新,配件齐全,,未售出,,#VALUE!,0.00 ,0.00%,2024/7/17,,,,95分,,,邮寄,,,,,,,,,,,,,,,,,,,
dunk sb 熊猫鸽子,,41,1400,9新,配件鞋盒丢失,,售出,32550,#VALUE!,0.00 ,0.00%,2024/7/23,2024/12/30,,160.00 ,95分,,,邮寄,,,,,,,,,,,,,,,,,,,
dunk sb 小龙虾,,42,450,8新,配件鞋盒丢失,,售出,37014,#VALUE!,0.00 ,0.00%,2024/7/23,2024/8/21,,29.00 ,95分,,,邮寄,,,,,,,,,,,,,,,,,,,
dunk sb futura,,42.5,1340,95新,鞋盒丢失,,未售出,,#VALUE!,0.00 ,0.00%,2024/7/24,,,,95分,,,邮寄,,,,,,,,,,,,,,,,,,,
nb 2002R GTX灰,,44,636,全新,配件齐全,,售出,17670,#VALUE!,0.00 ,0.00%,2024/7/24,2024/8/24,,31.00 ,95分,,,邮寄,,,,,,,,,,,,,,,,,,,
nb 2002R GTX灰,,44,636,全新,配件齐全,,售出,18786,#VALUE!,0.00 ,0.00%,2024/7/24,2024/11/5,,104.00 ,95分,,,邮寄,,,,,,,,,,,,,,,,,,,
nb 2002R GTX灰,,44,636,全新,配件齐全,,售出,19521,#VALUE!,0.00 ,0.00%,2024/7/24,2024/8/30,,37.00 ,95分,,,邮寄,,,,,,,,,,,,,,,,,,,
aj1 禁穿 16,,44.5,2550,全新,配件齐全,,未上架,,#VALUE!,0.00 ,0.00%,2024/7/28,,,,95分,,,邮寄,,,,,,,,,,,,,,,,,,,
dunk sb 苹果绿,,42.5,1006,95新,配件齐全,,未售出,,#VALUE!,0.00 ,0.00%,2024/7/29,,,,95分,,,邮寄,,,,,,,,,,,,,,,,,,,
dunk sb born&raised,,45,3984,全新,配件齐全,,未售出,,#VALUE!,0.00 ,0.00%,2024/8/1,,,,95分,,,邮寄,,,,,,,,,,,,,,,,,,,
aj1 turbo green,,44.5,1121,全新,鞋盒丢失,,售出,43710,#VALUE!,0.00 ,0.00%,2024/8/1,2025/1/10,,162.00 ,95分,SNKRDUNK,,邮寄,,,,,,,,,,,,,,,,,,,
aj1 禁穿 16,,44.5,2600,全新,配件齐全,,未售出,,#VALUE!,0.00 ,0.00%,2024/8/3,,,,95分,,,邮寄,,,,,,,,,,,,,,,,,,,
dunk sb 橙盒,,41,1800,全新,配件齐全,鞋盒破损,未售出,,#VALUE!,0.00 ,0.00%,2024/8/3,,,,95分,,,邮寄,,,,,,,,,,,,,,,,,,,
dunk sb 粉盒,,41,1700,全新,配件齐全,,未售出,,#VALUE!,0.00 ,0.00%,2024/8/4,,,,95分,,,邮寄,,,,,,,,,,,,,,,,,,,
aj1 禁穿 16,,42,2668,全新,配件齐全,,售出,82770,#VALUE!,0.00 ,0.00%,2024/8/5,2024/11/10,,,95分,SNKRDUNK,,邮寄,,,,,,,,,,,,,,,,,,,
dunk sb supreme by any means,,41,880,全新,配件齐全,,售出,29760,#VALUE!,0.00 ,0.00%,2024/8/6,2024/12/14,,,95分,SNKRDUNK,,邮寄,,,,,,,,,,,,,,,,,,,
dunk sb 熊猫鸽子,,42,3570,全新,配件齐全,,售出,85190,#VALUE!,0.00 ,0.00%,2024/8/7,2025/1/26,,172.00 ,95分,SNKRDUNK,,邮寄,,,,,,,,,,,,,,,,,,,
aj1 禁穿 16,,41,2400,全新,,,在途,,#VALUE!,0.00 ,0.00%,2024/8/8,,,,95分,,,邮寄,,,,,,,,,,,,,,,,,,,
aj1 turbo green,,43,667,9新,,,售出,30690,#VALUE!,0.00 ,0.00%,2024/8/8,2024/11/3,,87.00 ,95分,SNKRDUNK,,邮寄,,,,,,,,,,,,,,,,,,,
aj1 反转扣碎,,42,1000,9新,配件齐全,,售出,40920,#VALUE!,0.00 ,0.00%,2024/8/8,2025/1/5,,150.00 ,95分,SNKRDUNK,,邮寄,,,,,,,,,,,,,,,,,,,
dunk sb 高帮钻石,,44,2590,全新,配件齐全,（在库,售出,167400,#VALUE!,0.00 ,0.00%,2024/8/8,2024/9/15,,38.00 ,95分,,,邮寄,,,,,,,,,,,,,,,,,,,
dunk sb born&raised,,45.5,4124,全新,配件齐全,,未售出,,#VALUE!,0.00 ,0.00%,2024/8/9,,,,95分,,,邮寄,,,,,,,,,,,,,,,,,,,
dunk sb 白外星人,,44,500,,,,未售出,,#VALUE!,0.00 ,0.00%,2024/8/9,,,,闲鱼,,,邮寄,,,,,,,,,,,,,,,,,,,
dunk sb 遛狗 特殊盒,,42,1900,全新,配件齐全,,售出,89280,#VALUE!,0.00 ,0.00%,2024/8/9,2024/10/2,,,闲鱼,,,邮寄,,,,,,,,,,,,,,,,,,,
dunk sb 熊猫鸽子,,43,1600,9新,配件齐全,,售出,41745,#VALUE!,0.00 ,0.00%,2024/8/10,2025/1/10,,153.00 ,闲鱼,SNKRDUNK,,邮寄,,,,,,,,,,,,,,,,,,,
dunk sb 情人节 新款,,43,4518,全新,配件齐全,,未售出,,#VALUE!,0.00 ,0.00%,2024/8/11,,,,95分,,,邮寄,,,,,,,,,,,,,,,,,,,
dunk sb 李维斯 蓝 ,,41,2000,全新,配件齐全,,未售出,,#VALUE!,0.00 ,0.00%,2024/8/13,,,,闲鱼,,,邮寄,,,,,,,,,,,,,,,,,,,
nike acg fly2 black,,40,508,全新,配件齐全,,售出,16554,#VALUE!,#VALUE!,#VALUE!,2024/8/13,2025/2/7,,178.00 ,95分,,,邮寄,,,,,,,,,,,,,,,,,,,
nike acg fly2 black,,41,598,全新,配件齐全,,售出,18414,#VALUE!,#VALUE!,#VALUE!,2024/8/13,2024/10/12,,60.00 ,95分,,,邮寄,,,,,,,,,,,,,,,,,,,
nike acg fly2 black,,41,574,全新,配件齐全,,售出,18414,#VALUE!,#VALUE!,#VALUE!,2024/8/13,2024/10/12,,60.00 ,95分,,,邮寄,,,,,,,,,,,,,,,,,,,
nike acg fly2 black,,42,656,全新,配件齐全,,售出,19530,#VALUE!,#VALUE!,#VALUE!,2024/8/13,2024/10/12,,60.00 ,95分,,,邮寄,,,,,,,,,,,,,,,,,,,
dunk sb 丑陋毛衣,,42,2000,未使用近全新,配件齐全,特殊盒,售出,66960,#VALUE!,#VALUE!,#VALUE!,2024/8/13,2024/12/3,,,闲鱼,,,邮寄,,,,,,,,,,,,,,,,,,,
aj1 禁穿 13,,44,2117,,,,售出,93000,#VALUE!,#VALUE!,#VALUE!,2024/8/13,2025/2/3,,,95分,,,邮寄,,,,,,,,,,,,,,,,,,,
dunk sb 烟雾,,41,2040,9新,配件齐全,剥皮,未售出,,#VALUE!,#VALUE!,#VALUE!,2024/8/15,,,,闲鱼,,,邮寄,,,,,,,,,,,,,,,,,,,
dunk sb 黑蜂 特殊盒,,41,1500,全新,配件齐全,,未售出,,#VALUE!,#VALUE!,#VALUE!,2024/8/16,,,,闲鱼,,,邮寄,,,,,,,,,,,,,,,,,,,
nb 2002R 云雨灰,,42,460,9新,配件齐全,,未售出,,#VALUE!,#VALUE!,#VALUE!,2024/8/16,,,,闲鱼,,,邮寄,,,,,,,,,,,,,,,,,,,
nb 992 白银,,43,1294,全新,配件齐全,,售出,42780,#VALUE!,#VALUE!,#VALUE!,2024/8/16,2025/1/22,,159.00 ,95分,SNKRDUNK,,邮寄,,,,,,,,,,,,,,,,,,,
dunk sb 猎人,,44.5,500,8新,配件齐全,,未售出,,#VALUE!,#VALUE!,#VALUE!,2024/8/17,,,,闲鱼,,,邮寄,,,,,,,,,,,,,,,,,,,
aj1 扣碎 1.0,,42,1618,9新,,,未售出,,#VALUE!,#VALUE!,#VALUE!,2024/8/18,,,,95分,,,邮寄,,,,,,,,,,,,,,,,,,,
aj1 禁止转卖,,42,3291,全新,配件齐全,,售出,111414,#VALUE!,#VALUE!,#VALUE!,2024/8/18,2024/11/15,,,95分,SNKRDUNK,,邮寄,,,,,,,,,,,,,,,,,,,
dunk sb vegas,,42,2518,全新,配件丢失,鞋带丢了,未售出,,#VALUE!,#VALUE!,#VALUE!,2024/8/20,,,,95分,,,邮寄,,,,,,,,,,,,,,,,,,,
dunk sb 滑板女郎,,42.5,3200,9新,配件鞋盒丢失,,售出,84650,#VALUE!,#VALUE!,#VALUE!,2024/8/21,2025/2/8,,,95分,煤炉,,邮寄,,,,,,,,,,,,,,,,,,,
dunk sb elephant,,46,1000,95新,配件齐全,,未售出,,#VALUE!,#VALUE!,#VALUE!,2024/8/22,,,,95分,,,邮寄,,,,,,,,,,,,,,,,,,,
dunk sb 熊猫鸽子,,42,3300,全新,配件齐全,,售出,101500,#VALUE!,#VALUE!,#VALUE!,2024/8/30,2024/12/8,,,95分,,,邮寄,,,,,,,,,,,,,,,,,,,
dunk sb 小龙虾,,42,1700,未使用近全新,配件齐全,鞋子有发黄,未售出,,#VALUE!,#VALUE!,#VALUE!,2024/9/4,,,,闲鱼,,,邮寄,,,,,,,,,,,,,,,,,,,
dunk sb 钻石低帮,,45,4300,9新,配件鞋盒丢失,,未售出,,#VALUE!,#VALUE!,#VALUE!,2024/9/4,,,,闲鱼,,,邮寄,,,,,,,,,,,,,,,,,,,
dunk sb 异形2,,42,918,8新,配件鞋盒丢失,,售出,34224,#VALUE!,#VALUE!,#VALUE!,2024/9/6,2024/10/14,,,95分,,,邮寄,,,,,,,,,,,,,,,,,,,
aj1 芝加哥 15,,45,2514,9新,配件鞋盒丢失,,未售出,,#VALUE!,#VALUE!,#VALUE!,2024/9/7,,,,95分,,,邮寄,,,,,,,,,,,,,,,,,,,
aj1 薄荷糖,,44,1226,全新,,,未售出,,#VALUE!,#VALUE!,#VALUE!,2024/9/11,,,,95分,,,邮寄,,,,,,,,,,,,,,,,,,,
dunk sb 小龙虾,,41,500,9新,配件鞋盒丢失,,未售出,,#VALUE!,#VALUE!,#VALUE!,2024/9/12,,,,闲鱼,,,邮寄,,,,,,,,,,,,,,,,,,,
aj1 黑脚趾 13,,43,1799,全新,配件齐全,,售出,73470,#VALUE!,#VALUE!,#VALUE!,2024/9/12,,,,95分,,,邮寄,,,,,,,,,,,,,,,,,,,
dunk sb born&raised,,43,2340,95新,配件齐全,,售出,80910,#VALUE!,#VALUE!,#VALUE!,2024/9/12,2024/12/14,,,闲鱼,,,邮寄,,,,,,,,,,,,,,,,,,,
dunk sb elephant,,42,1632,全新,配件齐全,,未售出,,#VALUE!,#VALUE!,#VALUE!,2024/9/13,,,,95分,,,邮寄,,,,,,,,,,,,,,,,,,,
aj1 黑脚趾 13,,43,1600,全新,配件鞋盒丢失,,未售出,,#VALUE!,#VALUE!,#VALUE!,2024/9/15,,,,95分,,,邮寄,,,,,,,,,,,,,,,,,,,
dunk sb 高帮钻石,,44,1100,9新,配件丢失,,售出,51150,#VALUE!,#VALUE!,#VALUE!,2024/9/17,2024/11/17,,,闲鱼,SNKRDUNK,,邮寄,,,,,,,,,,,,,,,,,,,
aj1 反转扣碎,,42,1690,95新,配件齐全,,未售出,,#VALUE!,#VALUE!,#VALUE!,2024/9/19,,,,95分,,,邮寄,是,,,,,,,,,,,,,,,,,,
aj1 golf 芝加哥,,47,1000,全新,,,未售出,,#VALUE!,#VALUE!,#VALUE!,2024/9/22,,,,95分,,,邮寄,,,,,,,,,,,,,,,,,,,
dunk sb DJ112,,42.5,1630,全新,配件齐全,盒损,未售出,,#VALUE!,#VALUE!,#VALUE!,2024/9/22,,,,95分,,,邮寄,,,,,,,,,,,,,,,,,,,
dunk sb elephant,,42.5,768,9新,,,售出,32550,#VALUE!,#VALUE!,#VALUE!,2024/9/22,2024/10/15,,,95分,,,邮寄,,,,,,,,,,,,,,,,,,,
aj1 85 neutral gray,,42.5,900,全新,配件齐全,,未售出,,#VALUE!,#VALUE!,#VALUE!,2024/9/23,,,,95分,,,邮寄,,,,,,,,,,,,,,,,,,,
aj1 zion,,42,1118,9新,,,未售出,,#VALUE!,#VALUE!,#VALUE!,2024/9/23,,,,95分,,,邮寄,,,,,,,,,,,,,,,,,,,
aj1 芝加哥 15,,42,2300,9新,配件鞋盒丢失,,未售出,,#VALUE!,#VALUE!,#VALUE!,2024/9/23,,,,95分,,,邮寄,,,,,,,,,,,,,,,,,,,
dunk sb 高达,,44,324,9新,配件齐全,,未售出,,#VALUE!,#VALUE!,#VALUE!,2024/9/23,,,,95分,,,邮寄,,,,,,,,,,,,,,,,,,,
nb 2002R GTX灰,,41,659,全新,配件齐全,鞋标瑕疵,售出,22134,#VALUE!,#VALUE!,#VALUE!,2024/9/23,2024/10/27,,,95分,,,邮寄,,,,,,,,,,,,,,,,,,,
aj1 扣碎 1.0,,43,1400,9新,,,未售出,,#VALUE!,#VALUE!,#VALUE!,2024/9/24,,,,95分,,,邮寄,,,,,,,,,,,,,,,,,,,
nb 992 kith,,44,1650,8新,配件鞋盒丢失,,未售出,,#VALUE!,#VALUE!,#VALUE!,2024/9/24,,,,95分,,,邮寄,,,,,,,,,,,,,,,,,,,
dunk sb 高帮钻石,,43,1117,9新,配件鞋盒丢失,,未上架,,#VALUE!,#VALUE!,#VALUE!,2024/9/25,,,,95分,,,邮寄,,,,,,,,,,,,,,,,,,,
dunk sb 高帮钻石,,43,2960,全新,配件齐全,,售出,120900,#VALUE!,#VALUE!,#VALUE!,2024/9/25,2024/11/15,,,闲鱼,,,邮寄,,,,,,,,,,,,,,,,,,,
aj1 大闪电,,44,12740,全新,配件齐全,,售出,360000,#VALUE!,#VALUE!,#VALUE!,2024/9/25,,,,95分,,,邮寄,,,,,,,,,,,,,,,,,,,
dunk sb 高帮钻石,,43,1021,9新,配件鞋盒丢失,,未售出,,#VALUE!,#VALUE!,#VALUE!,2024/9/26,,,,95分,,,邮寄,,,,,,,,,,,,,,,,,,,
dunk sb 高达,,44,396,9新,配件齐全,,未售出,,#VALUE!,#VALUE!,#VALUE!,2024/9/26,,,,95分,,,邮寄,,,,,,,,,,,,,,,,,,,
dunk sb 钻石低帮,,43,9840,未使用近全新,配件丢失,,未售出,,#VALUE!,#VALUE!,#VALUE!,2024/9/26,,,,闲鱼,,,邮寄,,,,,,,,,,,,,,,,,,,
nb 992 白银,,41,1309,全新,配件齐全,,未售出,,#VALUE!,#VALUE!,#VALUE!,2024/9/26,,,,95分,,,邮寄,,,,,,,,,,,,,,,,,,,
dunk sb vegas,,40.5,380,8新,配件齐全,,售出,32450,#VALUE!,#VALUE!,#VALUE!,2024/9/26,2024/10/21,,,闲鱼,MERUCARI,,邮寄,,,,,,,,,,,,,,,,,,,
dunk sb black sheep,,41,1758,未使用近全新,,,未售出,,#VALUE!,#VALUE!,#VALUE!,2024/9/27,,,,闲鱼,,,邮寄,,,,,,,,,,,,,,,,,,,
dunk sb 情人节 新款,,44,4546,全新,配件齐全,,未售出,,#VALUE!,#VALUE!,#VALUE!,2024/9/28,,,,95分,,,邮寄,,,,,,,,,,,,,,,,,,,
nb 2002RBV,,42,637,全新,配件齐全,,未售出,,#VALUE!,#VALUE!,#VALUE!,2024/9/28,,,,95分,,,邮寄,,,,,,,,,,,,,,,,,,,
af1 tiffany ,,41,7300,95新,配件齐全,,未售出,,#VALUE!,#VALUE!,#VALUE!,2024/9/29,,,,95分,,,邮寄,,,,,,,,,,,,,,,,,,,
af1 tiffany ,,44,6323,9新,配件齐全,,售出,163680,#VALUE!,#VALUE!,#VALUE!,2024/9/29,2025/1/20,,113.00 ,95分,SNKRDUNK,,邮寄,,,,,,,,,,,,,,,,,,,
aj1 蜘蛛侠 1.0,,42,2550,全新,,,未售出,,#VALUE!,#VALUE!,#VALUE!,2024/9/30,,,,95分,,,邮寄,,,,,,,,,,,,,,,,,,,
nb protection pack 海盐白,,43,750,9新,配件齐全,,未上架,,#VALUE!,#VALUE!,#VALUE!,2024/9/30,,,,95分,,,邮寄,,,,,,,,,,,,,,,,,,,
dunk sb 白钻石,,44,734,8新,配件鞋盒丢失,,售出,31620,#VALUE!,#VALUE!,#VALUE!,2024/9/30,2025/1/26,,118.00 ,95分,SNKRDUNK,,邮寄,,,,,,,,,,,,,,,,,,,
dunk sb 食神,,44,950,9新,配件齐全,,售出,37200,#VALUE!,#VALUE!,#VALUE!,2024/9/30,2025/1/5,,97.00 ,95分,SNKRDUNK,,邮寄,,,,,,,,,,,,,,,,,,,
aj1 sb 海军蓝 low,,43,1150,9新,配件齐全,,未售出,,#VALUE!,#VALUE!,#VALUE!,2024/10/1,,,,95分,,,邮寄,,,,,,,,,,,,,,,,,,,
dunk sb 25美分,,45,429,9新,配件齐全,,售出,30504,#VALUE!,#VALUE!,#VALUE!,2024/10/1,2024/10/1,,0.00 ,95分,SNKRDUNK,,邮寄,,,,,,,,,,,,,,,,,,,
dunk sb 遛狗,,41,913,全新,配件齐全,,售出,39060,#VALUE!,#VALUE!,#VALUE!,2024/10/1,2025/1/26,,117.00 ,95分,SNKRDUNK,,邮寄,,,,,,,,,,,,,,,,,,,
aj1 golf 芝加哥,,42.5,395,战斗成色,,,售出,18414,#VALUE!,#VALUE!,#VALUE!,2024/10/2,2024/10/25,,23.00 ,95分,,,邮寄,,,,,,,,,,,,,,,,,,,
aj1 黑脚趾 13,,41,600,9新,配件齐全,,未售出,,#VALUE!,#VALUE!,#VALUE!,2024/10/3,,,,95分,,,邮寄,,,,,,,,,,,,,,,,,,,
aj1 黑脚趾 13,,41,600,8新,配件齐全,,未售出,,#VALUE!,#VALUE!,#VALUE!,2024/10/3,,,,95分,,,邮寄,,,,,,,,,,,,,,,,,,,
aj1 禁穿 13,,41,1024,9新,,,未售出,,#VALUE!,#VALUE!,#VALUE!,2024/10/3,,,,95分,,,邮寄,,,,,,,,,,,,,,,,,,,
dunk sb 高达,,42.5,1307,全新,配件齐全,,售出,36177,#VALUE!,#VALUE!,#VALUE!,2024/10/3,2024/12/7,,,95分,,,邮寄,,,,,,,,,,,,,,,,,,,
aj1 大闪电,,43,5500,9新,配件鞋盒丢失,,售出,146140,#VALUE!,#VALUE!,#VALUE!,2024/10/3,2024/11/22,,,95分,,,邮寄,,,,,,,,,,,,,,,,,,,
aj1 golf 芝加哥,,41,1538,全新,配件齐全,,未售出,,#VALUE!,#VALUE!,#VALUE!,2024/10/8,,,,95分,,,邮寄,,,,,,,,,,,,,,,,,,,
dunk sb supreme 黑星,,45,1600,95新,配件齐全,,售出,57660,#VALUE!,#VALUE!,#VALUE!,2024/10/9,2024/12/25,,,95分,,,邮寄,,,,,,,,,,,,,,,,,,,
nike acg fly2 black,,43,700,全新,配件齐全,,未售出,,#VALUE!,#VALUE!,#VALUE!,2024/10/10,,,,95分,,,邮寄,,,,,,,,,,,,,,,,,,,
nike acg fly2 black,,43,700,全新,配件齐全,,未售出,,#VALUE!,#VALUE!,#VALUE!,2024/10/10,,,,95分,,,邮寄,,,,,,,,,,,,,,,,,,,
aj1 白紫,,42.5,800,全新,配件齐全,,售出,26430,#VALUE!,#VALUE!,#VALUE!,2024/10/11,,,,95分,,,邮寄,,,,,,,,,,,,,,,,,,,
dunk sb black sheep,,37.5,437,全新,配件齐全,,未售出,,#VALUE!,#VALUE!,#VALUE!,2024/10/13,,,,95分,,,邮寄,,,,,,,,,,,,,,,,,,,
dunk sb supreme rammellzee,,42.5,1418,9新,,,在途,,#VALUE!,#VALUE!,#VALUE!,2024/10/16,,,,95分,,,邮寄,,,,,,,,,,,,,,,,,,,
aj1 黑红脚趾,,44.5,517,,,,,,#VALUE!,#VALUE!,#VALUE!,2024/10/23,,,,95分,,,邮寄,,,,,,,,,,,,,,,,,,,
ja1 莫兰特 粉色,,41,1008,全新,配件齐全,,未售出,,#VALUE!,#VALUE!,#VALUE!,2024/10/23,,,,95分,,,邮寄,,,,,,,,,,,,,,,,,,,
aj1 禁穿 13,,43,720,95新,鞋盒丢失,,售出,36270,#VALUE!,#VALUE!,#VALUE!,2024/11/7,,,,95分,SNKRDUNK,,邮寄,,,,,,,,,,,,,,,,,,,
dunk sb 高帮钻石,,42,500,9新,配件鞋盒丢失,大伤痕,售出,36270,#VALUE!,#VALUE!,#VALUE!,2024/11/8,2025/1/24,,77.00 ,95分,SNKRDUNK,,邮寄,,,,,,,,,,,,,,,,,,,
dunk sb 白钻石,,43,2200,全新,配件齐全,盒子损坏,未售出,,#VALUE!,#VALUE!,#VALUE!,2024/11/9,,,,95分,,,邮寄,,,,,,,,,,,,,,,,,,,
aj1 turbo green,,43,295,,,,在途,,#VALUE!,#VALUE!,#VALUE!,2024/11/10,,,,95分,,,邮寄,,,,,,,,,,,,,,,,,,,
aj1 禁止转卖,,40.5,700,8新,配件鞋盒丢失,,未售出,,#VALUE!,#VALUE!,#VALUE!,2024/11/10,,,,95分,,,邮寄,,,,,,,,,,,,,,,,,,,
aj1 扣碎 1.0,,42,1300,9新,配件鞋盒丢失,,未售出,,#VALUE!,#VALUE!,#VALUE!,2024/11/10,,,,95分,,A2411101224,邮寄,,,,,,,,,,,,,,,,,,,
aj1 小闪电,,44,440,9新,配件齐全,,售出,21390,#VALUE!,#VALUE!,#VALUE!,2024/11/10,2025/1/10,,61.00 ,95分,SNKRDUNK,,邮寄,,,,,,,,,,,,,,,,,,,
aj1 黑绿脚趾,,41,550,,,,未售出,,#VALUE!,#VALUE!,#VALUE!,2024/11/11,,,,95分,,,邮寄,,,,,,,,,,,,,,,,,,,
dunk sb 食神,,42.5,1000,,配件齐全,,未售出,,#VALUE!,#VALUE!,#VALUE!,2024/11/11,,,,95分,,,邮寄,,,,,,,,,,,,,,,,,,,
aj1 小闪电,,42,700,9新,配件齐全,,售出,26970,#VALUE!,#VALUE!,#VALUE!,2024/11/11,2025/1/18,,68.00 ,95分,SNKRDUNK,,邮寄,,,,,,,,,,,,,,,,,,,
aj1 禁穿 16,,42,2400,,配件齐全,,未售出,,#VALUE!,#VALUE!,#VALUE!,2024/11/13,,,,95分,,A2411131222,邮寄,,,,,,,,,,,,,,,,,,,
aj1 小闪电,,42.5,560,9新,配件齐全,,售出,26970,#VALUE!,#VALUE!,#VALUE!,2024/11/13,2025/1/24,,72.00 ,95分,SNKRDUNK,,邮寄,,,,,,,,,,,,,,,,,,,
aj1 小闪电,,41,500,,,,,,#VALUE!,#VALUE!,#VALUE!,2024/11/14,,,,95分,,,邮寄,,,,,,,,,,,,,,,,,,,
dunk sb crushed D.C,,44,537,9新,配件齐全,,未售出,,#VALUE!,#VALUE!,#VALUE!,2024/11/16,,,,95分,,,邮寄,,,,,,,,,,,,,,,,,,,
dunk sb 高帮钻石,,45,2720,全新,配件齐全,盒子有污渍,未售出,,#VALUE!,#VALUE!,#VALUE!,2024/11/19,,,,95分,,,邮寄,,,,,,,,,,,,,,,,,,,
aj1 大闪电,,44.5,4500,9新,配件鞋盒丢失,,售出,120900,#VALUE!,#VALUE!,#VALUE!,2024/11/22,,,,95分,,,邮寄,,,,,,,,,,,,,,,,,,,
dunk sb 白钻石,,42,2100,全新,配件齐全,,未售出,,#VALUE!,#VALUE!,#VALUE!,2024/11/29,,,,95分,,,邮寄,,,,,,,,,,,,,,,,,,,
aj1 小闪电,,44.5,500,,,,,,#VALUE!,#VALUE!,#VALUE!,2024/12/5,,,,95分,,,邮寄,,,,,,,,,,,,,,,,,,,
dunk sb 复仇者,,40,320,9新,配件鞋盒丢失,,售出,25854,#VALUE!,#VALUE!,#VALUE!,2024/12/5,2025/1/7,,33.00 ,闲鱼,SNKRDUNK,,邮寄,,,,,,,,,,,,,,,,,,,
dunk sb 星巴克,,42,780,8新,配件鞋盒丢失,,售出,35340,#VALUE!,#VALUE!,#VALUE!,2024/12/5,2024/12/25,,,95分,,,邮寄,,,,,,,,,,,,,,,,,,,
aj1 zion,,40.5,900,9新,,支付宝转账 青云,未售出,,#VALUE!,#VALUE!,#VALUE!,2024/12/7,,,,微信,,,邮寄,,,,,,,,,,,,,,,,,,,
dunk sb black sheep,,43,2330,全新,配件齐全,,未售出,,#VALUE!,#VALUE!,#VALUE!,2024/12/7,,,,95分,,,邮寄,,,,,,,,,,,,,,,,,,,
dunk sb 白钻石,,42.5,800,9新,配件齐全,支付宝转账 青云,未售出,,#VALUE!,,,2024/12/7,,,,微信,,,邮寄,,,,,,,,,,,,,,,,,,,
aj1 黑脚趾 16,,43,800,9新,配件齐全,支付宝转账 青云,售出,32550,#VALUE!,#VALUE!,#VALUE!,2024/12/7,2025/1/7,,31.00 ,微信,SNKRDUNK,,邮寄,,,,,,,,,,,,,,,,,,,
aj1 白紫,,42,800,全新,配件齐全,,未售出,,#VALUE!,#VALUE!,#VALUE!,2024/12/10,,,,95分,,,邮寄,,,,,,,,,,,,,,,,,,,
aj1 禁穿 16,,44,637,,,,,,#VALUE!,#VALUE!,#VALUE!,2024/12/10,,,,95分,,,邮寄,,,,,,,,,,,,,,,,,,,
aj1 小闪电,,43,490,,,,,,#VALUE!,#VALUE!,#VALUE!,2024/12/10,,,,95分,,,邮寄,,,,,,,,,,,,,,,,,,,
aj1 小闪电,,41,800,,,,,,#VALUE!,#VALUE!,#VALUE!,2024/12/13,,,,95分,,,邮寄,,,,,,,,,,,,,,,,,,,
aj1 禁穿 13,,42.5,750,,,,售出,35340,#VALUE!,#VALUE!,#VALUE!,2024/12/16,2025/2/6,,,95分,,,邮寄,,,,,,,,,,,,,,,,,,,
aj1 sb 海军蓝 low,,44.5,816,9新,配件齐全,,未售出,,#VALUE!,#VALUE!,#VALUE!,2024/12/17,,,,95分,,,邮寄,,,,,,,,,,,,,,,,,,,
aj1 小闪电,,43,370,,,,售出,,#VALUE!,#VALUE!,#VALUE!,2024/12/18,,,,95分,,,邮寄,,,,,,,,,,,,,,,,,,,
aj1 sb 海军蓝 low,,44.5,730,9新,配件齐全,,未售出,,#VALUE!,#VALUE!,#VALUE!,2024/12/18,,,,95分,,,邮寄,,,,,,,,,,,,,,,,,,,
aj1 北卡蓝,,42,1403,9新,配件齐全,,交易中,,#VALUE!,#VALUE!,#VALUE!,2024/12/18,,,,95分,,,邮寄,,,,,,,,,,,,,,,,,,,
dunk sb 异形2,,42.5,2500,全新,配件齐全,,售出,74400,#VALUE!,#VALUE!,#VALUE!,2024/12/18,2025/1/24,,37.00 ,闲鱼,SNKRDUNK,,邮寄,,,,,,,,,,,,,,,,,,,
aj1 大闪电,,44,4750,9新,配件鞋盒丢失,,售出,145940,#VALUE!,#VALUE!,#VALUE!,2024/12/18,2025/1/28,,41.00 ,95分,SNKRDUNK,,自带,,,,,,,,,,,,,,,,,,,
dunk sb supreme rammellzee,,43,1600,9新,配件丢失,,售出,38130,#VALUE!,#VALUE!,#VALUE!,2024/12/19,2025/1/10,,22.00 ,95分,SNKRDUNK,,邮寄,,,,,,,,,,,,,,,,,,,
dunk sb 情人节 新款,,41,2118,9新,鞋盒丢失,,售出,58590,#VALUE!,#VALUE!,#VALUE!,2024/12/19,,,,95分,,,邮寄,,,,,,,,,,,,,,,,,,,
dunk sb skate or die,,42.5,4300,全新,配件齐全,骗人蔡,售出,186000,#VALUE!,#VALUE!,#VALUE!,2024/12/19,2025/1/9,,21.00 ,微信,SNKRDUNK,,邮寄,,,,,,,,,,,,,,,,,,,
dunk sb 高帮钻石,,45,2600,全新,配件齐全,中底有黄,未售出,,#VALUE!,#VALUE!,#VALUE!,2024/12/20,,,,95分,,,邮寄,,,,,,,,,,,,,,,,,,,
aj1 黑红脚趾,,43,322,战斗成色,配件齐全,,未售出,,#VALUE!,#VALUE!,#VALUE!,2024/12/20,,,,95分,,,邮寄,,,,,,,,,,,,,,,,,,,
aj1 禁止转卖,,41,650,战斗成色,配件鞋盒丢失,,未售出,,#VALUE!,#VALUE!,#VALUE!,2024/12/21,,,,95分,,,邮寄,,,,,,,,,,,,,,,,,,,
aj1 禁止转卖,,44,700,战斗成色,配件鞋盒丢失,,售出,27714,#VALUE!,#VALUE!,#VALUE!,2024/12/21,2025/1/24,,34.00 ,95分,SNKRDUNK,,邮寄,,,,,,,,,,,,,,,,,,,
dunk sb supreme 黑星,,44,2630,全新,配件齐全,,售出,64100,#VALUE!,#VALUE!,#VALUE!,2024/12/22,2025/2/3,,,95分,,,邮寄,,,,,,,,,,,,,,,,,,,
aj1 大闪电,,43,10500,全新,配件齐全,试穿 新秀,未上架,,#VALUE!,,,,,,,微信,,,邮寄,,,,,,,,,,,,,,,,,,,
aj1 大闪电,,45,10500,全新,配件丢失,试穿 没鞋带 新秀,未上架,,#VALUE!,,,,,,,微信,,,邮寄,,,,,,,,,,,,,,,,,,,
dunk sb 高帮钻石,,44,,全新,配件齐全,鞋盒有点破,未售出,,#VALUE!,,,,,,,得物,,,,,,,,,,,,,,,,,,,,,,
dunk sb 高帮钻石,,44,,全新,配件齐全,鞋盒有点破,未售出,,#VALUE!,,,,,,,得物,,,,,,,,,,,,,,,,,,,,,,
aj1 low 单宁水洗,,42.5,564,全新,配件齐全,,售出,15345,#VALUE!,#VALUE!,#VALUE!,,2024/4/29,,,,,,邮寄,,,,,,,,,,,,,,,,,,,
aj1 北卡蓝,,44,793,,,,,,#VALUE!,,,,,,,95分,,,,,,,,,,,,,,,,,,,,,,
aj1 禁穿 13,,41,1080,,,,,,#VALUE!,,,,,,,95分,,,,,,,,,,,,,,,,,,,,,,
dunk sb 高达,,42.5,500,,,,,,#VALUE!,,,,,,,95分,,,,,,,,,,,,,,,,,,,,,,
aj1 反转扣碎,,42,1300,,,,,,#VALUE!,,,,,,,95分,,,,,,,,,,,,,,,,,,,,,,
dunk sb 小龙虾,,42,1350,,,,,,#VALUE!,,,,,,,95分,,,,,,,,,,,,,,,,,,,,,,
aj1 芝加哥 15,,40.5,635,,,,,,#VALUE!,,,,,,,95分,,,,,,,,,,,,,,,,,,,,,,
aj1 禁穿 16,,44.5,2074,,,,,,#VALUE!,,,,,,,95分,,,,,,,,,,,,,,,,,,,,,,
dunk sb supreme 黑星,,42,558,,,,,,#VALUE!,,,,,,,95分,,,,,,,,,,,,,,,,,,,,,,
dunk sb 飞猪,,42,1480,,,,,,#VALUE!,,,,,,,95分,,,,,,,,,,,,,,,,,,,,,,
aj1 扣碎 1.0,,44.5,1234,,,,,,#VALUE!,,,,,,,95分,,,,,,,,,,,,,,,,,,,,,,
aj1 反转扣碎,,40.5,1243,,,,,,#VALUE!,,,,,,,95分,,,,,,,,,,,,,,,,,,,,,,
aj1 小闪电,,45,500,,,,,,#VALUE!,,,,,,,95分,,,,,,,,,,,,,,,,,,,,,,
aj1 ow 芝加哥,,41,17000,,,,,,#VALUE!,,,,,,,95分,,,,,,,,,,,,,,,,,,,,,,
aj1 禁穿 13,,42.5,670,,,,,,#VALUE!,,,,,,,95分,,,,,,,,,,,,,,,,,,,,,,
aj1 禁穿 16,,46,2500,,,,,,#VALUE!,,,,,,,95分,,,,,,,,,,,,,,,,,,,,,,
dunk sb 绿龙虾 特殊盒,,43,7219,,,,,,#VALUE!,,,,,,,95分,,,,,,,,,,,,,,,,,,,,,,
aj1 金属红 ,,41,630,,,,,,#VALUE!,,,,,,,95分,,,,,,,,,,,,,,,,,,,,,,
nb 2002RRBV,,40,626,,,,,,#VALUE!,,,,,,,95分,,,,,,,,,,,,,,,,,,,,,,
dunk sb supreme by any means 黑白,,42,572,,,,,,#VALUE!,,,,,,,95分,,,,,,,,,,,,,,,,,,,,,,
aj1 sb 北卡蓝,,40.5,329,,,,,,#VALUE!,,,,,,,95分,,,,,,,,,,,,,,,,,,,,,,
aj1 禁穿 13,,43,2140,,,,,,#VALUE!,,,,,,,95分,,,,,,,,,,,,,,,,,,,,,,
aj1 禁穿 16,,43,722,,,,,,#VALUE!,,,,,,,95分,,,,,,,,,,,,,,,,,,,,,,
dunk sb 高邦钻石,,41,2034,,,,,,#VALUE!,,,,,,,95分,,,,,,,,,,,,,,,,,,,,,,
nike air max plus hiker,,43,638,,,,,,#VALUE!,,,,,,,95分,,,,,,,,,,,,,,,,,,,,,,
nike air max plus A Cold Wall 白,,42.5,765,,,,,,#VALUE!,,,,,,,95分,,,,,,,,,,,,,,,,,,,,,,
nike air max plus A Cold Wall 黑,,40.5,753,,,,,,#VALUE!,,,,,,,95分,,,,,,,,,,,,,,,,,,,,,,
aj1 禁穿 16,,46,2450,,,,,,#VALUE!,,,,,,,95分,,,,,,,,,,,,,,,,,,,,,,
dunk sb 高邦钻石,,43,788,,,,,,#VALUE!,,,,,,,95分,,,,,,,,,,,,,,,,,,,,,,
aj1 小闪电,,45,528,,,,,,#VALUE!,,,,,,,95分,,,,,,,,,,,,,,,,,,,,,,
aj1 禁止转卖,,43,1010,,,,,,#VALUE!,,,,,,,95分,,,,,,,,,,,,,,,,,,,,,,
aj1 大闪电,,46,7400,,,,,,#VALUE!,,,,,,,95分,,,,,,,,,,,,,,,,,,,,,,
aj1 禁止转卖,,42.5,1064,,,,,,#VALUE!,,,,,,,95分,,,,,,,,,,,,,,,,,,,,,,
aj1 反转扣碎,,41,605,,,,,,#VALUE!,,,,,,,95分,,,,,,,,,,,,,,,,,,,,,,
aj1 黑脚趾 13,,45,405,,,,,,#VALUE!,,,,,,,95分,,,,,,,,,,,,,,,,,,,,,,
aj1 禁止转卖,,43,3450,,,,,,#VALUE!,,,,,,,95分,,,,,,,,,,,,,,,,,,,,,,
aj1 黑脚趾 13,,41,589,,,,,,#VALUE!,,,,,,,95分,,,,,,,,,,,,,,,,,,,,,,
aj1 禁止转卖,,44.5,3450,,,,,,#VALUE!,,,,,,,95分,,,,,,,,,,,,,,,,,,,,,,
dunk sb supreme by any meas 黑白,,45.5,912,,,,,,#VALUE!,,,,,,,95分,,,,,,,,,,,,,,,,,,,,,,
dunk sb 黑人月 高邦,,43,714,,,,,,#VALUE!,,,,,,,95分,,,,,,,,,,,,,,,,,,,,,,
nb 993 灰,,44.5,1123,,,,,,#VALUE!,,,,,,,95分,,,,,,,,,,,,,,,,,,,,,,
aj1 反转黑红 85,,43,1310,,,,,,#VALUE!,,,,,,,95分,,,,,,,,,,,,,,,,,,,,,,
dunk sb 高邦钻石,,43,2999,,,,,,#VALUE!,,,,,,,95分,,,,,,,,,,,,,,,,,,,,,,
aj1 小闪电,,45,268,,,,,,#VALUE!,,,,,,,95分,,,,,,,,,,,,,,,,,,,,,,
aj1 芝加哥 golf ,,43,568,,,,,,#VALUE!,,,,,,,95分,,,,,,,,,,,,,,,,,,,,,,
dunk sb 星巴克,,44,1000,,,,,,#VALUE!,,,,,,,95分,,,,,,,,,,,,,,,,,,,,,,
supreme 褶皱纸 羽绒服,,L,2088,,,,,,#VALUE!,,,,,,,95分,,,,,,,,,,,,,,,,,,,,,,
dunk sb 吃豆人,,42.5,904,,,,,,#VALUE!,,,,,,,95分,,,,,,,,,,,,,,,,,,,,,,
aj1 禁穿 13,,45,2300,,,,,,#VALUE!,,,,,,,95分,,,,,,,,,,,,,,,,,,,,,,
supreme 褶皱纸 羽绒服,,M,2450,,,,,,#VALUE!,,,,,,,95分,,,,,,,,,,,,,,,,,,,,,,
dunk sb 慈善,,42.5,1267,,,,,,#VALUE!,,,,,,,95分,,,,,,,,,,,,,,,,,,,,,,
dunk sb 高达,,42.5,1350,,,,,,#VALUE!,,,,,,,95分,,,,,,,,,,,,,,,,,,,,,,
dunk sb 钻石高邦,,45,2010,,,,,,#VALUE!,,,,,,,95分,,,,,,,,,,,,,,,,,,,,,,
af1 龙年,,44,800,,,,,,#VALUE!,,,,,,,95分,,,,,,,,,,,,,,,,,,,,,,
