itemName,itemNumber,itemType,itemBrand,itemCondition,itemSize,itemColor,itemRemarks,itemStatus,itemMfgDate,position,warehouseName,warehouseDescription,positionName,positionCapacity,photos,purchaseDate,purchasePrice,purchasePlatform,purchasePriceCurrency,purchasePriceExchangeRate,launchDate,soldDate,soldPrice,soldPlatform,soldPriceCurrency,soldPriceExchangeRate,itemGrossProfit,itemNetProfit,shipping,transactionStatues,isReturn,storageDuration,domesticShipping,internationalShipping,domesticTrackingNumber,internationalTrackingNumber,listingPlatforms,otherFees
梅西,40.0,鞋子,全新,其他,闲鱼买 煤炉出,售出,172800,,,45.21%,2月27日,2024/1/22,,,闲鱼,MERUCARI,0,闲鱼,CNY,1,,,0,,JPY,0.05,0,0,0,,no,0,0,0,,,闲鱼,
梅西,41.0,鞋子,未使用近全新,其他,闲鱼买 煤炉出,售出,180000,,,27.89%,2月27日,2024/1/23,,,闲鱼,MERUCARI,0,闲鱼,CNY,1,,,0,,JPY,0.05,0,0,0,,no,0,0,0,,,闲鱼,
dunk sb buck,42.5,鞋子,9新,配件鞋盒丢失,闲鱼买 煤炉出,售出,36950,,,18.96%,5月7日,2023/7/22,,,闲鱼,MERUCARI,0,闲鱼,CNY,1,,,0,,JPY,0.05,0,0,0,,no,0,0,0,,,闲鱼,
dunk sb 滑板女郎,42.0,鞋子,9新,配件齐全,闲鱼,售出,101200,,,99.26%,5月23日,2023/6/19,,,闲鱼,MERUCARI,0,闲鱼,CNY,1,,,0,,JPY,0.05,0,0,0,,no,0,0,0,,,闲鱼,
dunk sb 万圣节,44.5,鞋子,9新,配件丢失,闲鱼,售出,63950,,,27.48%,5月23日,2023/11/15,,,闲鱼,MERUCARI,0,闲鱼,CNY,1,,,0,,JPY,0.05,0,0,0,,no,0,0,0,,,闲鱼,
aj1 sb 北卡蓝,41.0,鞋子,未使用近全新,配件齐全,鞋盒标褪色,售出,38060,,2712.8,125.59%,5月28日,,,,闲鱼,,0,闲鱼,CNY,1,,,0,,JPY,0.05,0,0,0,,no,0,0,0,,,闲鱼,
aj4 ts,44.0,鞋子,95新,配件齐全,,售出,52440,,1980.0,60.90%,5月28日,2023/7/7,,,闲鱼,MERUCARI,0,闲鱼,CNY,1,,,0,,JPY,0.05,0,0,0,,no,0,0,0,,,闲鱼,
dunk sb 慈善,43.0,鞋子,全新,配件鞋盒丢失,,售出,53000,,284.45,22.78%,5月29日,2023/10/22,,,闲鱼,MERUCARI,0,闲鱼,CNY,1,,,0,,JPY,0.05,0,0,0,,no,0,0,0,,,闲鱼,
aj1 扣碎 1.0,42.5,鞋子,9新,配件齐全,,售出,75650,,2521.2,70.83%,6月1日,2023/8/11,,,闲鱼,MERUCARI,0,闲鱼,CNY,1,,,0,,JPY,0.05,0,0,0,,no,0,0,0,,,闲鱼,
dunk sb ftc,44.0,鞋子,99新,配件鞋盒丢失,闲鱼买 煤炉出,售出,53150,,681.45,12.53%,6月1日,2023/11/26,,,闲鱼,MERUCARI,0,闲鱼,CNY,1,,,0,,JPY,0.05,0,0,0,,no,0,0,0,,,闲鱼,
aj1 turbo green,44.0,鞋子,8新,配件丢失,,未售出,,,-318.94,0.00%,6月8日,,,,闲鱼,,0,闲鱼,CNY,1,,,0,,JPY,0.05,0,0,0,,no,0,0,0,,,闲鱼,
aj1 黑红脚趾,41.0,鞋子,99新,配件齐全,,售出,40480,,974.44,96.45%,6月8日,2023/6/23,,,闲鱼,MERUCARI,0,闲鱼,CNY,1,,,0,,JPY,0.05,0,0,0,,no,0,0,0,,,闲鱼,
dunk sb mia,44.5,鞋子,8新,配件齐全,,售出,40120,,483.0,47.43%,6月8日,,,,闲鱼,MERUCARI,0,闲鱼,CNY,1,,,0,,JPY,0.05,0,0,0,,no,0,0,0,,,闲鱼,
af1 白丝绸,43.0,鞋子,9新,鞋盒丢失,,未上架,,,1558.15,0.00%,6月15日,,,,闲鱼,MERUCARI,0,闲鱼,CNY,1,,,0,,JPY,0.05,0,0,0,,no,0,0,0,,,闲鱼,
dunk sb 布鲁克林,44.0,鞋子,99新,配件齐全,,未售出,,,290.65,0.00%,6月15日,,,,闲鱼,,0,闲鱼,CNY,1,,,0,,JPY,0.05,0,0,0,,no,0,0,0,,,闲鱼,
dunk sb 滑板女郎,44.5,鞋子,全新,配件齐全,,售出,143350,,0.0,31.11%,6月16日,2023/12/13,,,闲鱼,MERUCARI,0,闲鱼,CNY,1,,,0,,JPY,0.05,0,0,0,,no,0,0,0,,,闲鱼,
dunk sb 滑板女郎,44.0,鞋子,全新,配件齐全,,售出,160000,,964.48,61.20%,6月18日,2024/10/16,,,闲鱼,MERUCARI,0,闲鱼,CNY,1,,,0,,JPY,0.05,0,0,0,,no,0,0,0,,,闲鱼,
aj1 turbo green,42.5,鞋子,95新,配件齐全,,售出,28830,,626.12,24.58%,6月19日,,,,95分,SNKRDUNK,0,闲鱼,CNY,1,,,0,,JPY,0.05,0,0,0,,no,0,0,0,,,闲鱼,
dunk sb sod,42.5,鞋子,未使用近全新,配件鞋盒丢失,,售出,51350,,0.0,151.89%,6月21日,2023/8/10,,,,MERUCARI,0,闲鱼,CNY,1,,,0,,JPY,0.05,0,0,0,,no,0,0,0,,,闲鱼,
dunk sb 春丽,42.5,鞋子,95新,配件鞋盒丢失,,售出,80960,,0.0,101.45%,6月21日,2023/7/27,,,,,0,闲鱼,CNY,1,,,0,,JPY,0.05,0,0,0,,no,0,0,0,,,闲鱼,
dunk sb 潜鸟,42.5,鞋子,9新,配件齐全,,售出,61640,,1710.85,21.75%,6月21日,,,,,,0,闲鱼,CNY,1,,,0,,JPY,0.05,0,0,0,,no,0,0,0,,,闲鱼,
dunk sb 芝加哥,43.0,鞋子,95新,配件齐全,,售出,54870,,3060.0,28.49%,6月21日,,,,,,0,闲鱼,CNY,1,,,0,,JPY,0.05,0,0,0,,no,0,0,0,,,闲鱼,
dunk sb 橙盒,42.0,鞋子,8新,配件齐全,,售出,38130,,270.33,36.64%,6月22日,,,,,,0,闲鱼,CNY,1,,,0,,JPY,0.05,0,0,0,,no,0,0,0,,,闲鱼,
nb 992,42.5,鞋子,95新,配件齐全,,售出,41400,,1518.85,74.90%,6月22日,,,,,,0,闲鱼,CNY,1,,,0,,JPY,0.05,0,0,0,,no,0,0,0,,,闲鱼,
aj1 ko 北卡套装,42.0,鞋子,全新,配件齐全,,未售出,,,2028.96,0.00%,6月23日,,,,闲鱼,,0,闲鱼,CNY,1,,,0,,JPY,0.05,0,0,0,,no,0,0,0,,,闲鱼,
dunk sb 熊猫鸽子,42.5,鞋子,9新,配件丢失,,售出,58500,,543.64,44.18%,6月23日,,,,,,0,闲鱼,CNY,1,,,0,,JPY,0.05,0,0,0,,no,0,0,0,,,闲鱼,
aj1 黑红脚趾,42.5,鞋子,95新,配件齐全,鞋盒用胶带固定,售出,33480,,598.37,65.72%,6月24日,2023/9/7,,,,,0,闲鱼,CNY,1,,,0,,JPY,0.05,0,0,0,,no,0,0,0,,,闲鱼,
aj1 北卡蓝,45.0,鞋子,9新,配件丢失,,售出,50600,,494.63,79.75%,7月2日,2023/7/27,,,,,0,闲鱼,CNY,1,,,0,,JPY,0.05,0,0,0,,no,0,0,0,,,闲鱼,
dunk sb true red,42.0,鞋子,未使用近全新,配件齐全,,未上架,,,861.4,0.00%,7月2日,,,,,,0,闲鱼,CNY,1,,,0,,JPY,0.05,0,0,0,,no,0,0,0,,,闲鱼,
dunk sb 牙龈出血,44.0,鞋子,全新,配件鞋盒丢失,,未售出,,,0.0,0.00%,7月2日,,,,,,0,闲鱼,CNY,1,,,0,,JPY,0.05,0,0,0,,no,0,0,0,,,闲鱼,
dunk kasina 深蓝,43.0,鞋子,9新,配件丢失,,售出,58880,,883.5,72.79%,7月4日,2023/9/10,,,,,0,闲鱼,CNY,1,,,0,,JPY,0.05,0,0,0,,no,0,0,0,,,闲鱼,
dunk sb 潜鸟,41.0,鞋子,9新,配件齐全,,售出,46500,,637.48,51.43%,7月7日,,,,,,0,闲鱼,CNY,1,,,0,,JPY,0.05,0,0,0,,no,0,0,0,,,闲鱼,
aj1 黑曜石,42.5,鞋子,9新,配件齐全,,未售出,,,1100.6,0.00%,7月8日,,,,,,0,闲鱼,CNY,1,,,0,,JPY,0.05,0,0,0,,no,0,0,0,,,闲鱼,
dunk sb 灯芯绒,44.0,鞋子,8新,配件鞋盒丢失,,未售出,,,0.0,0.00%,7月9日,,,,,,0,闲鱼,CNY,1,,,0,,JPY,0.05,0,0,0,,no,0,0,0,,,闲鱼,
dunk sb 高邦钻石,44.0,鞋子,未使用近全新,配件齐全,,售出,78200,,0.0,55.53%,7月9日,2023/7/27,,,,,0,闲鱼,CNY,1,,,0,,JPY,0.05,0,0,0,,no,0,0,0,,,闲鱼,
dunk sb 汤达人,43.0,鞋子,9新,配件丢失,,售出,27900,,1222.88,42.25%,7月9日,2023/11/30,,,,,0,闲鱼,CNY,1,,,0,,JPY,0.05,0,0,0,,no,0,0,0,,,闲鱼,
aj1 黑蓝,45.0,鞋子,95新,配件齐全,,售出,38000,,771.5,124.15%,7月11日,2023/9/6,,,,,0,闲鱼,CNY,1,,,0,,JPY,0.05,0,0,0,,no,0,0,0,,,闲鱼,
dunk sb jedi,42.5,鞋子,8新,配件齐全,,售出,46850,,0.0,154.37%,7月14日,2023/7/31,,,,,0,闲鱼,CNY,1,,,0,,JPY,0.05,0,0,0,,no,0,0,0,,,闲鱼,
dunk sb 高邦钻石,42.5,鞋子,全新,配件齐全,,售出,80960,,0.0,49.22%,7月15日,2023/8/26,,,,,0,闲鱼,CNY,1,,,0,,JPY,0.05,0,0,0,,no,0,0,0,,,闲鱼,
sacai 红蓝,42.5,鞋子,95新,配件齐全,,未售出,,,1388.2,0.00%,7月18日,,,,,,0,闲鱼,CNY,1,,,0,,JPY,0.05,0,0,0,,no,0,0,0,,,闲鱼,
dunk sb 灯芯绒,43.0,鞋子,,,,未售出,,,392.9,0.00%,7月23日,,,,,,0,闲鱼,CNY,1,,,0,,JPY,0.05,0,0,0,,no,0,0,0,,,闲鱼,
aj1 禁止转卖,42.0,鞋子,9新,配件齐全,,售出,48000,,1018.0,42.30%,7月25日,2023/9/2,,,,SNKRDUNK,0,闲鱼,CNY,1,,,0,,JPY,0.05,0,0,0,,no,0,0,0,,,闲鱼,
dunk sb 粉红熊,44.5,鞋子,95新,配件齐全,,售出,32550,,1389.35,56.01%,7月25日,2023/10/4,,,,SNKRDUNK,0,闲鱼,CNY,1,,,0,,JPY,0.05,0,0,0,,no,0,0,0,,,闲鱼,
dunk sb 钻石,44.0,鞋子,9新,配件齐全,,售出,148800,,1328.96,26.93%,7月25日,2023/11/13,,,闲鱼,SNKRDUNK,0,闲鱼,CNY,1,,,0,,JPY,0.05,0,0,0,,no,0,0,0,,,闲鱼,
kobe 5 laker,46.0,鞋子,,,,售出,61380,,0.0,31.76%,7月25日,2024/7/15,,,闲鱼,SNKRDUNK,0,闲鱼,CNY,1,,,0,,JPY,0.05,0,0,0,,no,0,0,0,,,闲鱼,
aj1 薄荷糖,44.0,鞋子,9新,配件齐全,,售出,30225,,0.0,69.59%,7月26日,2023/12/5,,,,SNKRDUNK,0,闲鱼,CNY,1,,,0,,JPY,0.05,0,0,0,,no,0,0,0,,,闲鱼,
nb 992EA 黑武士,42.0,鞋子,8新,配件鞋盒丢失,,售出,27900,,698.0,120.48%,7月26日,2023/9/1,,,,,0,闲鱼,CNY,1,,,0,,JPY,0.05,0,0,0,,no,0,0,0,,,闲鱼,
nb 993 navi,44.5,鞋子,9新,,,售出,26000,,560.05,53.25%,7月26日,,,,,,0,闲鱼,CNY,1,,,0,,JPY,0.05,0,0,0,,no,0,0,0,,,闲鱼,
nb 992 海军蓝,43.0,鞋子,8新,配件齐全,褪色，后跟磨损,售出,30690,,1588.8,103.50%,7月27日,,,,,,0,闲鱼,CNY,1,,,0,,JPY,0.05,0,0,0,,no,0,0,0,,,闲鱼,
aj1 薄荷糖,42.0,鞋子,9新,配件齐全,,售出,30500,,730.38,53.21%,7月28日,,,,,,0,闲鱼,CNY,1,,,0,,JPY,0.05,0,0,0,,no,0,0,0,,,闲鱼,
dunk sb 高邦钻石,44.0,鞋子,9新,配件齐全,,售出,55800,,591.48,67.43%,7月28日,2023/11/10,,,,,0,闲鱼,CNY,1,,,0,,JPY,0.05,0,0,0,,no,0,0,0,,,闲鱼,
dunk sb 熊猫鸽子,42.0,鞋子,战斗成色,配件丢失,,售出,30500,,722.9,45.55%,7月28日,,,,,,0,闲鱼,CNY,1,,,0,,JPY,0.05,0,0,0,,no,0,0,0,,,闲鱼,
dunk sb buck,43.0,鞋子,9新,配件齐全,开胶,售出,46314,,426.0,25.67%,7月30日,2024/7/15,,,,,0,闲鱼,CNY,1,,,0,,JPY,0.05,0,0,0,,no,0,0,0,,,闲鱼,
nb 992EA 黑武士,42.5,鞋子,全新,配件齐全,,售出,53940,,745.19,80.34%,7月30日,2023/12/2,,,,,0,闲鱼,CNY,1,,,0,,JPY,0.05,0,0,0,,no,0,0,0,,,闲鱼,
nb 993 navi,41.5,鞋子,9新,配件齐全,鞋盒破损,售出,35340,,505.5,53.36%,7月30日,2024/3/23,,,,,0,闲鱼,CNY,1,,,0,,JPY,0.05,0,0,0,,no,0,0,0,,,闲鱼,
aj4 北卡蓝,42.5,鞋子,9新,配件丢失,,未售出,,,1105.8,0.00%,8月1日,,,,,,0,闲鱼,CNY,1,,,0,,JPY,0.05,0,0,0,,no,0,0,0,,,闲鱼,
dunk sb 拉斯维加斯,44.0,鞋子,99新,配件齐全,,售出,116994,,455.5,134.67%,8月1日,2024/6/19,,,闲鱼,SNKRDUNK,0,闲鱼,CNY,1,,,0,,JPY,0.05,0,0,0,,no,0,0,0,,,闲鱼,
dunk sb 牙龈出血,42.0,鞋子,战斗成色,配件丢失,,未售出,,,462.01,0.00%,8月1日,,,,闲鱼,,0,闲鱼,CNY,1,,,0,,JPY,0.05,0,0,0,,no,0,0,0,,,闲鱼,
dunk sb huf 旧金山,42.0,鞋子,95新,配件齐全,,售出,32550,,1180.94,60.83%,8月3日,,,,,,0,闲鱼,CNY,1,,,0,,JPY,0.05,0,0,0,,no,0,0,0,,,闲鱼,
dunk sb born & raised,41.0,鞋子,95新,配件丢失,,售出,107000,,592.34,53.06%,8月7日,2023/9/3,,,95分,SNKRDUNK,0,闲鱼,CNY,1,,,0,,JPY,0.05,0,0,0,,no,0,0,0,,,闲鱼,
dunk sb 高邦钻石,45.0,鞋子,9新,配件齐全,,售出,48360,,0.0,69.03%,8月7日,2023/12/18,,,,,0,闲鱼,CNY,1,,,0,,JPY,0.05,0,0,0,,no,0,0,0,,,闲鱼,
dunk sb 高邦钻石,43.0,鞋子,99新,配件齐全,,售出,83630,,3366.69,66.61%,8月7日,2023/10/27,,,,,0,闲鱼,CNY,1,,,0,,JPY,0.05,0,0,0,,no,0,0,0,,,闲鱼,
dunk sb 辛普森（红）,43.0,鞋子,95新,配件齐全,,售出,29760,,0.0,84.12%,8月8日,,,,,,0,闲鱼,CNY,1,,,0,,JPY,0.05,0,0,0,,no,0,0,0,,,闲鱼,
dunk sb 白钻石,44.5,鞋子,8新,配件齐全,,售出,30690,,590.05,0.00%,8月9日,,,,,,0,闲鱼,CNY,1,,,0,,JPY,0.05,0,0,0,,no,0,0,0,,,闲鱼,
dunk sb 莱卡,45.5,鞋子,未使用近全新,配件齐全,,未售出,,,1857.0,0.00%,8月9日,,,,,,0,闲鱼,CNY,1,,,0,,JPY,0.05,0,0,0,,no,0,0,0,,,闲鱼,
dunk sb 遛狗特殊盒,42.5,鞋子,全新,配件齐全,,售出,79050,,966.36,62.46%,8月9日,,,,,,0,闲鱼,CNY,1,,,0,,JPY,0.05,0,0,0,,no,0,0,0,,,闲鱼,
dunk sb 高邦钻石,42.0,鞋子,全新,配件齐全,充新海关,售出,74400,,1665.13,60.63%,8月10日,2024/4/16,,,,,0,闲鱼,CNY,1,,,0,,JPY,0.05,0,0,0,,no,0,0,0,,,闲鱼,
aj1 turbo green,44.0,鞋子,95新,配件齐全,,售出,30225,,647.76,20.12%,8月11日,,,,,SNKRDUNK,0,闲鱼,CNY,1,,,0,,JPY,0.05,0,0,0,,no,0,0,0,,,闲鱼,
aj1 薄荷糖,42.0,鞋子,95新,配件齐全,闲鱼,售出,30225,,845.19,44.15%,8月11日,2024/12/15,,,,,0,闲鱼,CNY,1,,,0,,JPY,0.05,0,0,0,,no,0,0,0,,,闲鱼,
aj1 黑曜石,43.0,鞋子,,,,未售出,,,0.0,0.00%,8月11日,,,,,,0,闲鱼,CNY,1,,,0,,JPY,0.05,0,0,0,,no,0,0,0,,,闲鱼,
aj4 北卡蓝,44.0,鞋子,9新,配件鞋盒丢失,,未售出,,,1511.55,0.00%,8月11日,,,,,,0,闲鱼,CNY,1,,,0,,JPY,0.05,0,0,0,,no,0,0,0,,,闲鱼,
dunk sb elephant,42.0,鞋子,9新,配件齐全,,未售出,,,1394.4,0.00%,8月11日,,,,,,0,闲鱼,CNY,1,,,0,,JPY,0.05,0,0,0,,no,0,0,0,,,闲鱼,
dunk sb 高邦钻石,45.5,鞋子,8新,配件鞋盒丢失,,售出,50220,,241.48,228.16%,8月11日,2024/1/24,,,,,0,闲鱼,CNY,1,,,0,,JPY,0.05,0,0,0,,no,0,0,0,,,闲鱼,
dunk sb 滑板女郎,44.0,鞋子,9新,配件齐全,,售出,70680,,441.48,52.38%,8月11日,,,,,,0,闲鱼,CNY,1,,,0,,JPY,0.05,0,0,0,,no,0,0,0,,,闲鱼,
dunk sb 星巴克,44.0,鞋子,99新,配件齐全,,售出,100440,,0.0,70.25%,8月11日,,,,,,0,闲鱼,CNY,1,,,0,,JPY,0.05,0,0,0,,no,0,0,0,,,闲鱼,
dunk sb 芝加哥,42.0,鞋子,9新,配件齐全,,售出,32550,,0.0,30.00%,8月11日,,,,,,0,闲鱼,CNY,1,,,0,,JPY,0.05,0,0,0,,no,0,0,0,,,闲鱼,
dunk sb 芝加哥,44.0,鞋子,8新,配件齐全,,售出,18414,,0.0,-30.07%,8月11日,2024/8/15,,,,,0,闲鱼,CNY,1,,,0,,JPY,0.05,0,0,0,,no,0,0,0,,,闲鱼,
nb 992 jjjj,43.0,鞋子,95新,配件齐全,闲鱼,售出,85504,,1711.22,21.73%,8月11日,2024/4/2,,,,,0,闲鱼,CNY,1,,,0,,JPY,0.05,0,0,0,,no,0,0,0,,,闲鱼,
nb 992 元祖灰,41.0,鞋子,95新,配件齐全,,售出,36400,,1204.68,59.67%,8月11日,,,,,,0,闲鱼,CNY,1,,,0,,JPY,0.05,0,0,0,,no,0,0,0,,,闲鱼,
nb 992EA 黑武士,42.0,鞋子,8新,,,售出,34875,,2072.44,168.58%,8月12日,2023/11/30,,,,,0,闲鱼,CNY,1,,,0,,JPY,0.05,0,0,0,,no,0,0,0,,,闲鱼,
nb 992EB 黑,44.0,鞋子,,,,售出,40920,,360.05,89.23%,8月12日,,,,,,0,闲鱼,CNY,1,,,0,,JPY,0.05,0,0,0,,no,0,0,0,,,闲鱼,
nb 992EB 黑,43.0,鞋子,9新,,,售出,34540,,-360.89,66.15%,8月12日,,,,,,0,闲鱼,CNY,1,,,0,,JPY,0.05,0,0,0,,no,0,0,0,,,闲鱼,
aj1 turbo green,42.0,鞋子,9新,,,售出,29760,,760.7,36.32%,8月13日,,,,,SNKRDUNK,0,闲鱼,CNY,1,,,0,,JPY,0.05,0,0,0,,no,0,0,0,,,闲鱼,
nb 992 元祖灰,41.0,鞋子,95新,配件齐全,,售出,32360,,656.4,70.37%,8月13日,2024/4/14,,,95分,SNKRDUNK,0,闲鱼,CNY,1,,,0,,JPY,0.05,0,0,0,,no,0,0,0,,,闲鱼,
dunk sb huf 旧金山,43.0,鞋子,95新,配件齐全,,售出,31620,,1053.63,51.26%,8月14日,2023/9/13,,,闲鱼,SNKRDUNK,0,闲鱼,CNY,1,,,0,,JPY,0.05,0,0,0,,no,0,0,0,,,闲鱼,
nb 992 元祖灰,42.0,鞋子,9新,配件齐全,鞋盒破损,未售出,,,936.92,0.00%,8月14日,,,,,,0,闲鱼,CNY,1,,,0,,JPY,0.05,0,0,0,,no,0,0,0,,,闲鱼,
aj1 黑蓝,45.0,鞋子,9新,配件齐全,,未售出,,,661.54,0.00%,8月16日,,,,,,0,闲鱼,CNY,1,,,0,,JPY,0.05,0,0,0,,no,0,0,0,,,闲鱼,
dunk sb mia,42.0,鞋子,,,,未售出,,,377.76,0.00%,8月16日,,,,,,0,闲鱼,CNY,1,,,0,,JPY,0.05,0,0,0,,no,0,0,0,,,闲鱼,
aj1 黑红脚趾,43.0,鞋子,95新,配件丢失,,售出,29760,,640.36,18.15%,8月17日,,,,,,0,闲鱼,CNY,1,,,0,,JPY,0.05,0,0,0,,no,0,0,0,,,闲鱼,
aj1 黑红脚趾,41.0,鞋子,9新,配件齐全,,未售出,,,512.62,0.00%,8月17日,,,,,,0,闲鱼,CNY,1,,,0,,JPY,0.05,0,0,0,,no,0,0,0,,,闲鱼,
dunk sb 苏格兰,45.0,鞋子,9新,配件鞋盒丢失,无原鞋垫,未售出,,,0.0,0.00%,8月17日,,,,,,0,闲鱼,CNY,1,,,0,,JPY,0.05,0,0,0,,no,0,0,0,,,闲鱼,
dunk sb 春丽,44.0,鞋子,9新,配件齐全,95,售出,80910,,0.0,54.86%,8月18日,2023/10/4,,,95分,SNKRDUNK,0,闲鱼,CNY,1,,,0,,JPY,0.05,0,0,0,,no,0,0,0,,,闲鱼,
dunk sb 春丽,40.0,鞋子,9新,配件齐全,,未售出,,,,,8月20日,,,,,,0,闲鱼,CNY,1,,,0,,JPY,0.05,0,0,0,,no,0,0,0,,,闲鱼,
aj1 low zion,42.5,鞋子,9新,配件齐全,,售出,32550,,217.76,36.97%,8月21日,2023/10/17,,,,SNKRDUNK,0,闲鱼,CNY,1,,,0,,JPY,0.05,0,0,0,,no,0,0,0,,,闲鱼,
nb 992 元祖灰,44.0,鞋子,9新,配件齐全,,售出,32364,,0.0,40.96%,8月21日,2024/7/26,,,,,0,闲鱼,CNY,1,,,0,,JPY,0.05,0,0,0,,no,0,0,0,,,闲鱼,
ja1 粉,42.5,鞋子,全新,配件齐全,,售出,24180,,0.0,48.13%,8月23日,2023/10/5,,,,SNKRDUNK,0,闲鱼,CNY,1,,,0,,JPY,0.05,0,0,0,,no,0,0,0,,,闲鱼,
nb 992 元祖灰,41.0,鞋子,9新,配件齐全,,售出,,,1426.41,0.00%,8月24日,,,,,,0,闲鱼,CNY,1,,,0,,JPY,0.05,0,0,0,,no,0,0,0,,,闲鱼,
dunk sb 灯芯绒,43.0,鞋子,8新,配件丢失,,售出,23250,,0.0,64.76%,8月29日,,,,,,0,闲鱼,CNY,1,,,0,,JPY,0.05,0,0,0,,no,0,0,0,,,闲鱼,
dunk sb 白寡妇,44.0,鞋子,全新,配件齐全,,售出,57590,,421.05,102.65%,8月31日,,,,,,0,闲鱼,CNY,1,,,0,,JPY,0.05,0,0,0,,no,0,0,0,,,闲鱼,
aj1 薄荷糖,42.5,鞋子,9新,,,售出,28760,,450.56,60.80%,9月1日,,,,,,0,闲鱼,CNY,1,,,0,,JPY,0.05,0,0,0,,no,0,0,0,,,闲鱼,
dunk sb born and raised,43.0,鞋子,95新,配件齐全,,售出,106150,,368.18,20.16%,9月2日,,,,,,0,闲鱼,CNY,1,,,0,,JPY,0.05,0,0,0,,no,0,0,0,,,闲鱼,
aj1 禁穿 16,42.5,鞋子,9新,,,售出,39990,,-950.0,10.83%,9月3日,,,,,,0,闲鱼,CNY,1,,,0,,JPY,0.05,0,0,0,,no,0,0,0,,,闲鱼,
dunk sb 情人节 2013,43.0,鞋子,全新,配件齐全,,售出,111600,,426.75,123.66%,9月3日,,,,,,0,闲鱼,CNY,1,,,0,,JPY,0.05,0,0,0,,no,0,0,0,,,闲鱼,
nb 992EA 黑武士,42.5,鞋子,8新,配件齐全,鞋盒烂,售出,26970,,1437.09,221.09%,9月4日,,,,,,0,闲鱼,CNY,1,,,0,,JPY,0.05,0,0,0,,no,0,0,0,,,闲鱼,
dunk sb 熊猫鸽子,42.0,鞋子,95新,,,售出,61510,,516.76,32.04%,9月5日,,,,,,0,闲鱼,CNY,1,,,0,,JPY,0.05,0,0,0,,no,0,0,0,,,闲鱼,
aj1 薄荷糖,42.5,鞋子,95新,配件齐全,,售出,28760,,891.65,32.05%,9月7日,2023/11/21,,,,,0,闲鱼,CNY,1,,,0,,JPY,0.05,0,0,0,,no,0,0,0,,,闲鱼,
dunk sb 高邦钻石,44.0,鞋子,9新,配件丢失,鞋带丢失,售出,50550,,189.49,37.67%,9月8日,,,,,,0,闲鱼,CNY,1,,,0,,JPY,0.05,0,0,0,,no,0,0,0,,,闲鱼,
dunk sb 汤达人,42.5,鞋子,95新,,,未售出,,,3091.6,0.00%,9月8日,,,,闲鱼,,0,闲鱼,CNY,1,,,0,,JPY,0.05,0,0,0,,no,0,0,0,,,闲鱼,
aj1 扣碎 1.0,44.5,鞋子,9新,配件齐全,,售出,66500,,625.47,93.62%,9月10日,2024/1/21,,,闲鱼,MERUCARI,0,闲鱼,CNY,1,,,0,,JPY,0.05,0,0,0,,no,0,0,0,,,闲鱼,
dunk sb 熊猫鸽子,42.5,鞋子,全新,配件齐全,,售出,111600,,737.01,41.20%,9月11日,2023/10/31,,,95分,,0,闲鱼,CNY,1,,,0,,JPY,0.05,0,0,0,,no,0,0,0,,,闲鱼,
aj1 黑红脚趾,40.0,鞋子,9新,配件齐全,,售出,30620,,331.76,108.80%,9月12日,2023/11/26,,,,,0,闲鱼,CNY,1,,,0,,JPY,0.05,0,0,0,,no,0,0,0,,,闲鱼,
aj1 禁穿 13,44.0,鞋子,9新,配件齐全,,售出,55800,,678.05,61.52%,9月12日,,,,,,0,闲鱼,CNY,1,,,0,,JPY,0.05,0,0,0,,no,0,0,0,,,闲鱼,
aj1 新秀,46.0,鞋子,9新,配件齐全,,售出,32085,,0.0,53.63%,9月12日,,,,,,0,闲鱼,CNY,1,,,0,,JPY,0.05,0,0,0,,no,0,0,0,,,闲鱼,
dunk sb 芝加哥,44.0,鞋子,9新,配件齐全,,售出,37200,,1591.5,38.25%,9月12日,,,,,,0,闲鱼,CNY,1,,,0,,JPY,0.05,0,0,0,,no,0,0,0,,,闲鱼,
aj1 禁穿 16,43.0,鞋子,全新,配件齐全,,售出,105000,,1631.6,44.81%,9月13日,,,,,,0,闲鱼,CNY,1,,,0,,JPY,0.05,0,0,0,,no,0,0,0,,,闲鱼,
aj1 禁穿 16,44.5,鞋子,全新,配件齐全,,售出,102300,,761.62,38.31%,9月13日,,,,,,0,闲鱼,CNY,1,,,0,,JPY,0.05,0,0,0,,no,0,0,0,,,闲鱼,
aj1 新秀,42.0,鞋子,9新,配件齐全,,售出,32550,,1045.8,91.89%,9月14日,,,,,,0,闲鱼,CNY,1,,,0,,JPY,0.05,0,0,0,,no,0,0,0,,,闲鱼,
aj1 禁穿 16,44.5,鞋子,95新,配件齐全,,售出,48360,,536.34,67.47%,9月24日,,,,,,0,闲鱼,CNY,1,,,0,,JPY,0.05,0,0,0,,no,0,0,0,,,闲鱼,
aj1 禁穿 16,44.0,鞋子,全新,配件齐全,,售出,111500,,497.2,48.46%,9月24日,,,,,,0,闲鱼,CNY,1,,,0,,JPY,0.05,0,0,0,,no,0,0,0,,,闲鱼,
aj1 turbo green,43.0,鞋子,9新,配件齐全,,售出,32550,,1626.0,77.28%,9月25日,,,,,SNKRDUNK,0,闲鱼,CNY,1,,,0,,JPY,0.05,0,0,0,,no,0,0,0,,,闲鱼,
aj1 蜘蛛侠 1.0,41.0,鞋子,9新,鞋盒丢失,,售出,28644,,1417.3,13.40%,9月27日,,,,,,0,闲鱼,CNY,1,,,0,,JPY,0.05,0,0,0,,no,0,0,0,,,闲鱼,
aj1禁穿 16,44.5,鞋子,全新,配件齐全,,未售出,,,747.05,0.00%,9月27日,,,,,,0,闲鱼,CNY,1,,,0,,JPY,0.05,0,0,0,,no,0,0,0,,,闲鱼,
dunk sb 芝加哥,42.5,鞋子,9新,鞋盒丢失,海关,售出,21204,,953.36,-18.22%,9月27日,2024/7/25,,,,,0,闲鱼,CNY,1,,,0,,JPY,0.05,0,0,0,,no,0,0,0,,,闲鱼,
dunk sb 熊猫鸽子,36.5,鞋子,95新,配件齐全,,未售出,,,1823.5,0.00%,9月28日,,,,,,0,闲鱼,CNY,1,,,0,,JPY,0.05,0,0,0,,no,0,0,0,,,闲鱼,
ja1 粉,41.0,鞋子,全新,配件齐全,,售出,27714,,680.05,64.38%,9月29日,2024/6/23,,,,SNKRDUNK,0,闲鱼,CNY,1,,,0,,JPY,0.05,0,0,0,,no,0,0,0,,,闲鱼,
ja1 粉,42.0,鞋子,全新,配件齐全,,售出,27900,,160.84,60.55%,9月29日,2024/2/22,,,,SNKRDUNK,0,闲鱼,CNY,1,,,0,,JPY,0.05,0,0,0,,no,0,0,0,,,闲鱼,
dunk sb 爆裂纹,42.5,鞋子,95新,配件齐全,,售出,33945,,0.0,66.45%,9月30日,,,,,,0,闲鱼,CNY,1,,,0,,JPY,0.05,0,0,0,,no,0,0,0,,,闲鱼,
ja1 白,42.0,鞋子,全新,配件齐全,,售出,25134,,-218.6,90.93%,10月2日,2024/5/29,,,,SNKRDUNK,0,闲鱼,CNY,1,,,0,,JPY,0.05,0,0,0,,no,0,0,0,,,闲鱼,
ja1 白,42.5,鞋子,全新,配件齐全,,售出,23250,,0.0,76.83%,10月2日,2023/12/18,,,,SNKRDUNK,0,闲鱼,CNY,1,,,0,,JPY,0.05,0,0,0,,no,0,0,0,,,闲鱼,
ja1 白,44.5,鞋子,全新,配件齐全,,售出,18600,,514.41,37.09%,10月2日,2024/1/4,,,,SNKRDUNK,0,闲鱼,CNY,1,,,0,,JPY,0.05,0,0,0,,no,0,0,0,,,闲鱼,
dunk sb sod,45.0,鞋子,全新,配件齐全,海关黑牌,售出,111650,,498.9,39.85%,10月5日,2024/4/3,,,,,0,闲鱼,CNY,1,,,0,,JPY,0.05,0,0,0,,no,0,0,0,,,闲鱼,
dunk sb 高邦钻石,42.5,鞋子,8新,配件齐全,,售出,49290,,651.2,141.38%,10月5日,2024/7/15,,,,,0,闲鱼,CNY,1,,,0,,JPY,0.05,0,0,0,,no,0,0,0,,,闲鱼,
ja1 白,41.0,鞋子,全新,配件齐全,,售出,22320,,562.83,71.91%,10月5日,2024/6/12,,,,SNKRDUNK,0,闲鱼,CNY,1,,,0,,JPY,0.05,0,0,0,,no,0,0,0,,,闲鱼,
ja1 白,43.0,鞋子,全新,配件齐全,,售出,20367,,471.75,49.24%,10月5日,2023/11/24,,,,SNKRDUNK,0,闲鱼,CNY,1,,,0,,JPY,0.05,0,0,0,,no,0,0,0,,,闲鱼,
ja1 粉,42.0,鞋子,全新,配件齐全,,售出,30689,,229.6,74.63%,10月5日,2024/2/13,,,,SNKRDUNK,0,闲鱼,CNY,1,,,0,,JPY,0.05,0,0,0,,no,0,0,0,,,闲鱼,
ja1 粉,42.5,鞋子,全新,配件齐全,,售出,26970,,1594.15,63.73%,10月5日,2023/10/29,,,,SNKRDUNK,0,闲鱼,CNY,1,,,0,,JPY,0.05,0,0,0,,no,0,0,0,,,闲鱼,
ja1 粉,42.5,鞋子,全新,配件齐全,,售出,22320,,1413.79,31.60%,10月5日,2023/12/18,,,,SNKRDUNK,0,闲鱼,CNY,1,,,0,,JPY,0.05,0,0,0,,no,0,0,0,,,闲鱼,
dunk sb 石斑鱼,43.0,鞋子,95新,配件齐全,海关,未售出,,,434.32,0.00%,10月7日,,,,,,0,闲鱼,CNY,1,,,0,,JPY,0.05,0,0,0,,no,0,0,0,,,闲鱼,
ja1 粉,43.0,鞋子,全新,配件齐全,,售出,26505,,309.72,49.20%,10月7日,2023/11/14,,,,SNKRDUNK,0,闲鱼,CNY,1,,,0,,JPY,0.05,0,0,0,,no,0,0,0,,,闲鱼,
dunk sb aqua,43.0,鞋子,8新,配件齐全,海关,售出,,,626.14,0.00%,10月8日,,,,,,0,闲鱼,CNY,1,,,0,,JPY,0.05,0,0,0,,no,0,0,0,,,闲鱼,
dunk sb 滑板女郎,42.0,鞋子,8新,鞋盒丢失,咸鱼,售出,59334,,496.47,27.22%,10月8日,2024/7/13,,,,,0,闲鱼,CNY,1,,,0,,JPY,0.05,0,0,0,,no,0,0,0,,,闲鱼,
aj1 禁穿 16,42.5,鞋子,9新,配件齐全,未知 有可能在家，在途,在途,,,249.32,0.00%,10月9日,,,,,,0,闲鱼,CNY,1,,,0,,JPY,0.05,0,0,0,,no,0,0,0,,,闲鱼,
dunk sb 汤达人,43.0,鞋子,9新,配件齐全,,售出,33480,,0.0,69.21%,10月9日,,,,,,0,闲鱼,CNY,1,,,0,,JPY,0.05,0,0,0,,no,0,0,0,,,闲鱼,
ja1 粉,42.0,鞋子,全新,配件齐全,,售出,19530,,412.76,10.76%,10月9日,2023/11/29,,,,SNKRDUNK,0,闲鱼,CNY,1,,,0,,JPY,0.05,0,0,0,,no,0,0,0,,,闲鱼,
dunk sb 滑板女郎,42.0,鞋子,9新,鞋盒丢失,95分,未售出,,,-939.0,0.00%,10月10日,,,,,,0,闲鱼,CNY,1,,,0,,JPY,0.05,0,0,0,,no,0,0,0,,,闲鱼,
ja1 粉,42.0,鞋子,全新,配件齐全,,售出,23064,,626.03,34.70%,10月11日,2023/12/18,,,,SNKRDUNK,0,闲鱼,CNY,1,,,0,,JPY,0.05,0,0,0,,no,0,0,0,,,闲鱼,
dunk sb sod,44.0,鞋子,95新,鞋盒丢失,海关,售出,70494,,0.0,166.20%,10月12日,2024/9/6,,,,,0,闲鱼,CNY,1,,,0,,JPY,0.05,0,0,0,,no,0,0,0,,,闲鱼,
dunk sb 灯芯绒,43.0,鞋子,9新,配件齐全,,未售出,,,657.48,0.00%,10月12日,,,,,,0,闲鱼,CNY,1,,,0,,JPY,0.05,0,0,0,,no,0,0,0,,,闲鱼,
dunk sb 情人节 2013,44.0,鞋子,95新,配件齐全,海关,未售出,,,87.03,0.00%,10月12日,,,,,,0,闲鱼,CNY,1,,,0,,JPY,0.05,0,0,0,,no,0,0,0,,,闲鱼,
dunk sb 情人节 2013,44.0,鞋子,全新,配件齐全,,售出,,,0.0,0.00%,10月12日,,,,,,0,闲鱼,CNY,1,,,0,,JPY,0.05,0,0,0,,no,0,0,0,,,闲鱼,
ja1 粉,42.0,鞋子,全新,配件齐全,,售出,22320,,277.26,31.60%,10月13日,2023/12/16,,,,SNKRDUNK,0,闲鱼,CNY,1,,,0,,JPY,0.05,0,0,0,,no,0,0,0,,,闲鱼,
dunk sb 白寡妇,45.0,鞋子,全新,配件齐全,,售出,30000,,2182.19,0.00%,10月15日,,,,,,0,闲鱼,CNY,1,,,0,,JPY,0.05,0,0,0,,no,0,0,0,,,闲鱼,
dunk sb 白寡妇,45.0,鞋子,全新,配件齐全,,售出,40000,,0.0,90.20%,10月16日,,,,,MERUCARI,0,闲鱼,CNY,1,,,0,,JPY,0.05,0,0,0,,no,0,0,0,,,闲鱼,
nb 992EA 黑武士,40.5,鞋子,95新,配件齐全,,售出,48174,,0.0,100.07%,10月16日,2024/4/5,,,,,0,闲鱼,CNY,1,,,0,,JPY,0.05,0,0,0,,no,0,0,0,,,闲鱼,
dunk sb 滑板女郎,43.0,鞋子,95新,配件齐全,咸鱼,售出,82584,,-3700.0,32.64%,10月19日,2024/3/29,,,,,0,闲鱼,CNY,1,,,0,,JPY,0.05,0,0,0,,no,0,0,0,,,闲鱼,
ja1 粉,44.0,鞋子,全新,配件齐全,,售出,26040,,249.32,49.94%,10月22日,2024/1/30,,,,SNKRDUNK,0,闲鱼,CNY,1,,,0,,JPY,0.05,0,0,0,,no,0,0,0,,,闲鱼,
aj1 新秀,42.0,鞋子,9新,配件丢失,,售出,30690,,458.0,95.62%,10月23日,,,,,,0,闲鱼,CNY,1,,,0,,JPY,0.05,0,0,0,,no,0,0,0,,,闲鱼,
dunk sb 辛普森（红）,43.0,鞋子,9新,配件齐全,,未售出,,,920.0,0.00%,10月23日,,,,,,0,闲鱼,CNY,1,,,0,,JPY,0.05,0,0,0,,no,0,0,0,,,闲鱼,
dunk sb 芝加哥,42.0,鞋子,全新,配件齐全,,未售出,,,1178.87,0.00%,10月23日,,,,,,0,闲鱼,CNY,1,,,0,,JPY,0.05,0,0,0,,no,0,0,0,,,闲鱼,
dunk sb huf 旧金山,43.0,鞋子,95新,配件丢失,,售出,32550,,1011.78,46.76%,10月26日,,,,,,0,闲鱼,CNY,1,,,0,,JPY,0.05,0,0,0,,no,0,0,0,,,闲鱼,
dunk sb 高邦钻石,42.5,鞋子,8新,配件丢失,海关,售出,33480,,409.04,0.00%,10月26日,2024/12/25,,,,,0,闲鱼,CNY,1,,,0,,JPY,0.05,0,0,0,,no,0,0,0,,,闲鱼,
ja1 粉,41.0,鞋子,全新,配件齐全,,售出,24645,,716.19,58.70%,10月26日,2023/12/6,,,,SNKRDUNK,0,闲鱼,CNY,1,,,0,,JPY,0.05,0,0,0,,no,0,0,0,,,闲鱼,
dunk sb 白外星人 2.0,42.5,鞋子,9新,配件齐全,,未售出,,,0.0,0.00%,10月30日,,,,,,0,闲鱼,CNY,1,,,0,,JPY,0.05,0,0,0,,no,0,0,0,,,闲鱼,
aj1 黑红脚趾,42.0,鞋子,8新,配件丢失,,未售出,,,0.0,0.00%,10月31日,,,,,,0,闲鱼,CNY,1,,,0,,JPY,0.05,0,0,0,,no,0,0,0,,,闲鱼,
aj1 黑红脚趾,44.0,鞋子,9新,配件齐全,,售出,33480,,497.05,58.84%,11月1日,,,,,,0,闲鱼,CNY,1,,,0,,JPY,0.05,0,0,0,,no,0,0,0,,,闲鱼,
ja1 粉,43.0,鞋子,全新,配件齐全,,售出,30690,,709.48,74.64%,11月2日,2024/2/1,,,,SNKRDUNK,0,闲鱼,CNY,1,,,0,,JPY,0.05,0,0,0,,no,0,0,0,,,闲鱼,
ja1 粉,42.5,鞋子,全新,配件齐全,,售出,21855,,427.9,35.46%,11月2日,2023/11/14,,,,SNKRDUNK,0,闲鱼,CNY,1,,,0,,JPY,0.05,0,0,0,,no,0,0,0,,,闲鱼,
kobe1 大师之路,41.0,鞋子,9新,配件齐全,,售出,42240,,0.0,65.66%,11月2日,2024/6/5,,,闲鱼,,0,闲鱼,CNY,1,,,0,,JPY,0.05,0,0,0,,no,0,0,0,,,闲鱼,
ts af1,41.0,鞋子,95新,配件齐全,,售出,33480,,0.0,67.45%,11月2日,2024/1/28,,,,,0,闲鱼,CNY,1,,,0,,JPY,0.05,0,0,0,,no,0,0,0,,,闲鱼,
dunk sb 熊猫鸽子,43.0,鞋子,9新,鞋盒丢失,95,未售出,,,595.48,0.00%,11月3日,,,,,,0,闲鱼,CNY,1,,,0,,JPY,0.05,0,0,0,,no,0,0,0,,,闲鱼,
aj1 禁穿 16,42.5,鞋子,9新,配件鞋盒丢失,,未售出,34224,,626.19,0.00%,11月7日,,,,,,0,闲鱼,CNY,1,,,0,,JPY,0.05,0,0,0,,no,0,0,0,,,闲鱼,
aj1 禁穿 16,43.0,鞋子,未使用近全新,配件齐全,95,未售出,,,265.61,0.00%,11月7日,,,,,,0,闲鱼,CNY,1,,,0,,JPY,0.05,0,0,0,,no,0,0,0,,,闲鱼,
aj1 黑紫脚趾,46.0,鞋子,全新,配件齐全,,售出,55800,,814.24,61.52%,11月8日,2024/5/8,,,,,0,闲鱼,CNY,1,,,0,,JPY,0.05,0,0,0,,no,0,0,0,,,闲鱼,
aj1 阴阳,42.0,鞋子,9新,配件鞋盒丢失,咸鱼,未售出,,,647.48,0.00%,11月8日,,,,,,0,闲鱼,CNY,1,,,0,,JPY,0.05,0,0,0,,no,0,0,0,,,闲鱼,
dunk sb ftc,42.5,鞋子,全新,配件齐全,95,售出,93000,,0.0,54.77%,11月8日,2024/7/28,,,,,0,闲鱼,CNY,1,,,0,,JPY,0.05,0,0,0,,no,0,0,0,,,闲鱼,
aj1 禁穿 16,42.0,鞋子,未使用近全新,配件齐全,95,售出,110600,,0.0,73.14%,11月9日,,,,,,0,闲鱼,CNY,1,,,0,,JPY,0.05,0,0,0,,no,0,0,0,,,闲鱼,
nb 992EA 黑武士,40.0,鞋子,全新,配件齐全,dw,售出,69500,,0.0,102.62%,11月10日,2024/6/10,,,,,0,闲鱼,CNY,1,,,0,,JPY,0.05,0,0,0,,no,0,0,0,,,闲鱼,
aj1 禁穿 16,42.5,鞋子,8新,配件丢失,95白色鞋带丢失,未售出,,,1045.8,0.00%,11月12日,,,,,,0,闲鱼,CNY,1,,,0,,JPY,0.05,0,0,0,,no,0,0,0,,,闲鱼,
dunk sb 木乃伊,42.5,鞋子,全新,配件丢失,95鞋带丢失,未售出,,,0.0,0.00%,11月24日,,,,,,0,闲鱼,CNY,1,,,0,,JPY,0.05,0,0,0,,no,0,0,0,,,闲鱼,
dunk sb 白寡妇,44.0,鞋子,全新,配件齐全,咸鱼,售出,,,1643.0,0.00%,12月7日,,,,,,0,闲鱼,CNY,1,,,0,,JPY,0.05,0,0,0,,no,0,0,0,,,闲鱼,
dunk sb 春丽,42.5,鞋子,9新,鞋盒丢失,咸鱼,售出,,,2340.6,0.00%,12月7日,,,,,,0,闲鱼,CNY,1,,,0,,JPY,0.05,0,0,0,,no,0,0,0,,,闲鱼,
dunk sb 高邦钻石,44.0,鞋子,9新,配件齐全,咸鱼 鞋带未知,未售出,,,1744.5,0.00%,12月7日,,,,,,0,闲鱼,CNY,1,,,0,,JPY,0.05,0,0,0,,no,0,0,0,,,闲鱼,
dunk kasina 浅蓝,41.0,鞋子,95新,配件齐全,,未售出,,,0.0,0.00%,12月8日,,,,,,0,闲鱼,CNY,1,,,0,,JPY,0.05,0,0,0,,no,0,0,0,,,闲鱼,
dunk sb sod,45.5,鞋子,9新,配件鞋盒丢失,95,未售出,,,0.0,0.00%,12月8日,,,,,,0,闲鱼,CNY,1,,,0,,JPY,0.05,0,0,0,,no,0,0,0,,,闲鱼,
nb 992EA 黑武士,42.0,鞋子,全新,配件齐全,咸鱼,售出,80910,,-1560.0,136.85%,12月8日,2024/1/15,,,,,0,闲鱼,CNY,1,,,0,,JPY,0.05,0,0,0,,no,0,0,0,,,闲鱼,
aj1 北卡蓝,43.0,鞋子,9新,配件齐全,咸鱼,售出,55800,,-2100.0,125.07%,12月10日,2024/3/21,,,,,0,闲鱼,CNY,1,,,0,,JPY,0.05,0,0,0,,no,0,0,0,,,闲鱼,
dunk sb 熊猫鸽子,44.0,鞋子,9新,配件齐全,咸鱼,售出,72540,,0.0,75.59%,12月10日,,,,,,0,闲鱼,CNY,1,,,0,,JPY,0.05,0,0,0,,no,0,0,0,,,闲鱼,
dunk sb 白寡妇,43.0,鞋子,全新,配件齐全,咸鱼,售出,,,0.0,0.00%,12月11日,,,,,,0,闲鱼,CNY,1,,,0,,JPY,0.05,0,0,0,,no,0,0,0,,,闲鱼,
dunk sb 黑外星人 2.0,44.5,鞋子,全新,配件齐全,咸鱼,未售出,,,0.0,0.00%,12月11日,,,,,,0,闲鱼,CNY,1,,,0,,JPY,0.05,0,0,0,,no,0,0,0,,,闲鱼,
nb 992EB 黑,44.0,鞋子,9新,配件齐全,咸鱼验证,售出,34224,,2326.41,82.82%,12月11日,,,,,,0,闲鱼,CNY,1,,,0,,JPY,0.05,0,0,0,,no,0,0,0,,,闲鱼,
aj1 禁穿 16,44.5,鞋子,未使用近全新,配件齐全,44.,未售出,,,1525.8,0.00%,12月19日,,,,,,0,闲鱼,CNY,1,,,0,,JPY,0.05,0,0,0,,no,0,0,0,,,闲鱼,
dunk sb huf 旧金山,44.5,鞋子,9新,配件丢失,95 纸袋没了,售出,28990,,1549.54,0.00%,12月19日,2025/1/7,,,,,0,闲鱼,CNY,1,,,0,,JPY,0.05,0,0,0,,no,0,0,0,,,闲鱼,
dunk sb 高邦钻石,44.0,鞋子,全新,配件齐全,wx,售出,102300,,-1400.0,82.76%,12月19日,2024/1/24,,,,,0,闲鱼,CNY,1,,,0,,JPY,0.05,0,0,0,,no,0,0,0,,,闲鱼,
dunk sb 滑板女郎,42.0,鞋子,全新,配件齐全,wx盒子损坏,未售出,,,0.0,0.00%,12月19日,,,,微信,,0,闲鱼,CNY,1,,,0,,JPY,0.05,0,0,0,,no,0,0,0,,,闲鱼,
dunk sb 滑板女郎,42.0,鞋子,全新,配件齐全,wx,未售出,,,745.42,0.00%,12月19日,,,,微信,,0,闲鱼,CNY,1,,,0,,JPY,0.05,0,0,0,,no,0,0,0,,,闲鱼,
aj1 禁止转卖,42.0,鞋子,全新,配件齐全,95,售出,93000,,0.0,29.51%,12月26日,2024/3/25,,,,,0,闲鱼,CNY,1,,,0,,JPY,0.05,0,0,0,,no,0,0,0,,,闲鱼,
dunk sb 情人节 2013,44.5,鞋子,未使用近全新,配件齐全,95 瑕疵氧化,未售出,,,378.49,0.00%,12月26日,,,,,,0,闲鱼,CNY,1,,,0,,JPY,0.05,0,0,0,,no,0,0,0,,,闲鱼,
dunk sb 芝加哥,44.5,鞋子,全新,配件齐全,dw,售出,44640,,2317.3,-26.93%,12月26日,2024/4/6,,,,,0,闲鱼,CNY,1,,,0,,JPY,0.05,0,0,0,,no,0,0,0,,,闲鱼,
dunk sb 芝加哥,44.5,鞋子,未使用近全新,配件齐全,现在寄存在平台 有氧化问题,售出,28574,,0.0,-50.98%,12月26日,2024/7/30,,,,,0,闲鱼,CNY,1,,,0,,JPY,0.05,0,0,0,,no,0,0,0,,,闲鱼,
ja1 粉,42.5,鞋子,全新,配件齐全,,售出,32550,,0.0,0.00%,,2024/1/28,,,,SNKRDUNK,0,闲鱼,CNY,1,,,0,,JPY,0.05,0,0,0,,no,0,0,0,,,闲鱼,
ja1 粉,42.5,鞋子,全新,配件齐全,,售出,30680,,0.0,0.00%,,2024/1/19,,,,SNKRDUNK,0,闲鱼,CNY,1,,,0,,JPY,0.05,0,0,0,,no,0,0,0,,,闲鱼,
aj1 low小dior,,鞋子,560,全新,配件齐全,栋哥,售出,13894.0,,281.90,50.34%,2024/1/8,2024/1/22,,14.00,其他,0,闲鱼,CNY,1,,,0,,JPY,0.05,0,0,0,13894.0,no,0,0,0,,,闲鱼,
aj1 low小dior,,鞋子,560,全新,配件齐全,栋哥,售出,14000.0,,284.20,50.75%,2024/1/8,2024/1/23,,15.00,其他,0,闲鱼,CNY,1,,,0,,JPY,0.05,0,0,0,14000.0,no,0,0,0,,,闲鱼,
aj1 low小dior,,鞋子,560,全新,配件齐全,栋哥,售出,15457.0,,287.00,51.25%,2024/1/8,2024/1/26,,18.00,其他,0,闲鱼,CNY,1,,,0,,JPY,0.05,0,0,0,15457.0,no,0,0,0,,,闲鱼,
dunk sb 芝加哥,,鞋子,2899,全新,配件齐全,dw,售出,48825.0,,291.65,10.06%,2024/1/9,2024/4/15,,97.00,得物,0,闲鱼,CNY,1,,,0,,JPY,0.05,0,0,0,48825.0,no,0,0,0,,,闲鱼,
dunk sb 高帮钻石,,鞋子,2613,未使用近全新,配件齐全,盒子有烧（在库,售出,96720.0,,380.00,14.54%,2024/1/10,2024/10/17,,281.00,,0,闲鱼,CNY,1,,,0,,JPY,0.05,0,0,0,96720.0,no,0,0,0,,,闲鱼,
aj1 薄荷糖,,鞋子,1969,全新,配件齐全,修复痕迹 dw,未售出,,,0.00,0.00%,2024/1/13,,,,,0,闲鱼,CNY,1,,,0,,JPY,0.05,0,0,0,,no,0,0,0,,,闲鱼,
nb 2002 steel,,40.5,599,全新,配件齐全,dw,售出,18576.0,,642.50,107.26%,2024/1/13,2024/4/21,,99.00,,0,闲鱼,CNY,1,,,0,,JPY,0.05,0,0,0,18576.0,no,0,0,0,,,闲鱼,
aj1 golf 芝加哥,,鞋子,588,9新,鞋盒丢失,,未售出,,,584.70,99.44%,2024/1/15,,,,,0,闲鱼,CNY,1,,,0,,JPY,0.05,0,0,0,,no,0,0,0,,,闲鱼,
aj1 薄荷糖,,鞋子,713,9新,配件齐全,,未售出,,,1061.70,148.91%,2024/1/15,,,,,0,闲鱼,CNY,1,,,0,,JPY,0.05,0,0,0,,no,0,0,0,,,闲鱼,
aj1 黑红脚趾,,42.5,1013,9新,配件齐全,补色,未售出,,,0.00,0.00%,2024/1/15,,,,,0,闲鱼,CNY,1,,,0,,JPY,0.05,0,0,0,,no,0,0,0,,,闲鱼,
aj1 黑紫脚趾,,鞋子,1033,95新,配件丢失,,在途,,,1038.00,100.48%,2024/1/15,,,,,0,闲鱼,CNY,1,,,0,,JPY,0.05,0,0,0,,no,0,0,0,,,闲鱼,
aj1 新秀,,鞋子,713,9新,配件丢失,,未售出,,,0.00,0.00%,2024/1/15,,,,,0,闲鱼,CNY,1,,,0,,JPY,0.05,0,0,0,,no,0,0,0,,,闲鱼,
aj1 golf 芝加哥,,44.5,899,95新,配件齐全,,售出,29760.0,,-736.00,-81.87%,2024/1/15,,,,,0,闲鱼,CNY,1,,,0,,JPY,0.05,0,0,0,29760.0,no,0,0,0,,,闲鱼,
aj1 薄荷糖,,鞋子,2089,全新,配件齐全,dw,售出,50350.0,,0.00,0.00%,2024/1/15,,,,,0,闲鱼,CNY,1,,,0,,JPY,0.05,0,0,0,50350.0,no,0,0,0,,,闲鱼,
aj1 黑紫脚趾,,鞋子,664,9新,配件鞋盒丢失,95,未售出,,,278.85,42.00%,2024/1/16,,,,95分,0,闲鱼,CNY,1,,,0,,JPY,0.05,0,0,0,,no,0,0,0,,,闲鱼,
dunk sb 白钻石,,42.5,1360,9新,配件齐全,咸鱼,售出,40920.0,,293.05,21.55%,2024/1/16,2024/6/19,,155.00,,0,闲鱼,CNY,1,,,0,,JPY,0.05,0,0,0,40920.0,no,0,0,0,,,闲鱼,
aj1 禁穿 16,,鞋子,1694,95新,配件鞋盒丢失,,售出,61149.0,,328.85,19.41%,2024/1/16,2024/4/24,,99.00,,0,闲鱼,CNY,1,,,0,,JPY,0.05,0,0,0,61149.0,no,0,0,0,,,闲鱼,
aj1 薄荷糖,,鞋子,2089,全新,配件齐全,dw,售出,50350.0,,333.50,15.96%,2024/1/17,,,,,0,闲鱼,CNY,1,,,0,,JPY,0.05,0,0,0,50350.0,no,0,0,0,,,闲鱼,
aj1 黑红脚趾,,42.5,1200,9新,配件齐全,95 鞋带无,售出,32680.0,,333.50,27.79%,2024/1/18,2024/5/24,,127.00,,0,闲鱼,CNY,1,,,0,,JPY,0.05,0,0,0,32680.0,no,0,0,0,,,闲鱼,
aj1 北卡蓝,,鞋子,1100,9新,配件齐全,咸鱼,售出,34410.0,,0.00,0.00%,2024/1/18,,,,,0,闲鱼,CNY,1,,,0,,JPY,0.05,0,0,0,34410.0,no,0,0,0,,,闲鱼,
aj1 禁穿 16,,鞋子,1079,9新,配件齐全,95,售出,52080.0,,0.00,0.00%,2024/1/18,2024/3/27,,69.00,95分,0,闲鱼,CNY,1,,,0,,JPY,0.05,0,0,0,52080.0,no,0,0,0,,,闲鱼,
aj1 黑红脚趾,,鞋子,1188,全新,配件齐全,95,在途,,,395.50,33.29%,2024/1/19,,,,,0,闲鱼,CNY,1,,,0,,JPY,0.05,0,0,0,,no,0,0,0,,,闲鱼,
aj1 黑紫脚趾,,鞋子,764,8新,配件丢失,95鞋带,在途,,,715.95,93.71%,2024/1/19,,,,,0,闲鱼,CNY,1,,,0,,JPY,0.05,0,0,0,,no,0,0,0,,,闲鱼,
aj1 白紫,,鞋子,1244,全新,配件齐全,95,售出,32250.0,,611.20,49.13%,2024/1/19,2024/2/21,,33.00,,0,闲鱼,CNY,1,,,0,,JPY,0.05,0,0,0,32250.0,no,0,0,0,,,闲鱼,
aj1 黑红脚趾,,鞋子,1130,9新,配件齐全,95,在途,,,731.20,64.71%,2024/1/20,,,,,0,闲鱼,CNY,1,,,0,,JPY,0.05,0,0,0,,no,0,0,0,,,闲鱼,
aj1 黑红脚趾,,鞋子,843,9新,配件鞋盒丢失,95,售出,26040.0,,2184.00,259.07%,2024/1/20,2024/10/19,,273.00,95分,0,闲鱼,CNY,1,,,0,,JPY,0.05,0,0,0,26040.0,no,0,0,0,,,闲鱼,
aj1 禁穿 16,,42.5,3313,未使用近全新,配件齐全,95,售出,92814.0,,0.00,0.00%,2024/1/20,2024/10/1,,255.00,95分,0,闲鱼,CNY,1,,,0,,JPY,0.05,0,0,0,92814.0,no,0,0,0,,,闲鱼,
dunk sb ftc,,鞋子,2650,全新,配件齐全,95,售出,111600.0,,127.50,4.81%,2024/1/20,2024/8/3,,196.00,,0,闲鱼,CNY,1,,,0,,JPY,0.05,0,0,0,111600.0,no,0,0,0,,,闲鱼,
aj1 黑曜石,,鞋子,800,9新,配件丢失,95,在途,,,1300.70,162.59%,2024/1/21,,,,,0,闲鱼,CNY,1,,,0,,JPY,0.05,0,0,0,,no,0,0,0,,,闲鱼,
aj1 禁穿 16,,鞋子,1302,9新,配件齐全,95,未售出,,,0.00,0.00%,2024/1/21,,,,,0,闲鱼,CNY,1,,,0,,JPY,0.05,0,0,0,,no,0,0,0,,,闲鱼,
dunk sb 黑生胶,,鞋子,820,全新,配件丢失,咸鱼,未售出,,,147.50,17.99%,2024/1/21,,,,,0,闲鱼,CNY,1,,,0,,JPY,0.05,0,0,0,,no,0,0,0,,,闲鱼,
dunk sb 烟雾,,鞋子,4020,未使用近全新,配件齐全,咸鱼,未售出,,,203.30,5.06%,2024/1/21,,,,,0,闲鱼,CNY,1,,,0,,JPY,0.05,0,0,0,,no,0,0,0,,,闲鱼,
nb 992ea,,鞋子,1000,9新,配件齐全,咸鱼,未售出,,,240.05,24.01%,2024/1/21,,,,,0,闲鱼,CNY,1,,,0,,JPY,0.05,0,0,0,,no,0,0,0,,,闲鱼,
aj1 禁穿 16,,鞋子,3499,未使用近全新,配件齐全,95,售出,100400.0,,0.00,0.00%,2024/1/21,2024/3/10,,49.00,95分,0,闲鱼,CNY,1,,,0,,JPY,0.05,0,0,0,100400.0,no,0,0,0,,,闲鱼,
aj1 禁穿 16,,鞋子,3300,未使用近全新,配件齐全,95,售出,113460.0,,0.00,0.00%,2024/1/21,2024/3/18,,57.00,95分,0,闲鱼,CNY,1,,,0,,JPY,0.05,0,0,0,113460.0,no,0,0,0,,,闲鱼,
aj1 禁穿 13,,鞋子,2666,全新,配件齐全,95,售出,115209.0,,0.00,0.00%,2024/1/21,2024/3/29,,68.00,95分,0,闲鱼,CNY,1,,,0,,JPY,0.05,0,0,0,115209.0,no,0,0,0,,,闲鱼,
aj1 禁穿 13,,鞋子,2392,全新,配件齐全,95 小磨损,售出,64170.0,,964.50,40.32%,2024/1/23,2024/3/23,,60.00,95分,0,闲鱼,CNY,1,,,0,,JPY,0.05,0,0,0,64170.0,no,0,0,0,,,闲鱼,
dunk sb 高帮钻石,,42.5,2878,未使用近全新,配件齐全,咸鱼,未上架,,,0.00,0.00%,2024/1/25,,,,,0,闲鱼,CNY,1,,,0,,JPY,0.05,0,0,0,,no,0,0,0,,,闲鱼,
aj1 黑红脚趾,,鞋子,800,9新,配件齐全,咸鱼,售出,34875.0,,0.00,0.00%,2024/1/25,,,,,0,闲鱼,CNY,1,,,0,,JPY,0.05,0,0,0,34875.0,no,0,0,0,,,闲鱼,
aj1 禁止转卖,,鞋子,1550,9新,配件鞋盒丢失,咸鱼,售出,54400.0,,0.00,0.00%,2024/1/25,,,,,0,闲鱼,CNY,1,,,0,,JPY,0.05,0,0,0,54400.0,no,0,0,0,,,闲鱼,
aj1 黑红脚趾,,鞋子,800,9新,配件鞋盒丢失,咸鱼,未上架,,,1370.50,171.31%,2024/1/26,,,,,0,闲鱼,CNY,1,,,0,,JPY,0.05,0,0,0,,no,0,0,0,,,闲鱼,
dunk sb 灯芯绒,,40.5,854,9新,配件齐全,95分,未售出,,,508.00,59.48%,2024/1/26,,,,,0,闲鱼,CNY,1,,,0,,JPY,0.05,0,0,0,,no,0,0,0,,,闲鱼,
dunk sb 熊猫鸽子,,鞋子,1870,9新,配件齐全,95,未售出,,,589.50,31.52%,2024/1/26,,,,,0,闲鱼,CNY,1,,,0,,JPY,0.05,0,0,0,,no,0,0,0,,,闲鱼,
aj1 新秀,,鞋子,664,8新,配件鞋盒丢失,95,售出,25000.0,,0.00,0.00%,2024/1/26,2024/5/31,,126.00,95分,0,闲鱼,CNY,1,,,0,,JPY,0.05,0,0,0,25000.0,no,0,0,0,,,闲鱼,
aj1 黑脚趾 13,,42.5,985,8新,配件鞋盒丢失,95,售出,41850.0,,767.50,77.92%,2024/1/26,2024/3/23,,57.00,95分,0,闲鱼,CNY,1,,,0,,JPY,0.05,0,0,0,41850.0,no,0,0,0,,,闲鱼,
dunk sb 高帮钻石,,鞋子,1300,9新,配件鞋盒丢失,咸鱼（在库,未售出,,,946.00,72.77%,2024/1/27,,,,闲鱼,0,闲鱼,CNY,1,,,0,,JPY,0.05,0,0,0,,no,0,0,0,,,闲鱼,
aj1 禁止转卖,,鞋子,1800,9新,配件鞋盒丢失,咸鱼,售出,59334.0,,5680.00,315.56%,2024/1/27,2024/4/24,,88.00,闲鱼,0,闲鱼,CNY,1,,,0,,JPY,0.05,0,0,0,59334.0,no,0,0,0,,,闲鱼,
aj1 禁止转卖,,鞋子,1700,9新,配件鞋盒丢失,咸鱼,售出,64114.0,,0.00,0.00%,2024/1/27,2024/5/4,,98.00,,0,闲鱼,CNY,1,,,0,,JPY,0.05,0,0,0,64114.0,no,0,0,0,,,闲鱼,
aj3 tinker 白钩,,42.5,3266,全新,配件齐全,咸鱼,未售出,,,0.00,0.00%,2024/1/28,,,,闲鱼,0,闲鱼,CNY,1,,,0,,JPY,0.05,0,0,0,,no,0,0,0,,,闲鱼,
aj3 真蓝,,42.5,866,95新,配件齐全,咸鱼,未售出,,,2464.00,284.53%,2024/1/28,,,,,0,闲鱼,CNY,1,,,0,,JPY,0.05,0,0,0,,no,0,0,0,,,闲鱼,
nike adapt 1.0,,42.5,1166,全新,配件齐全,咸鱼,未上架,,,387.25,33.21%,2024/1/28,,,,闲鱼,0,闲鱼,CNY,1,,,0,,JPY,0.05,0,0,0,,no,0,0,0,,,闲鱼,
dunk sb 高帮钻石,,42.5,2620,未使用近全新,配件齐全,咸鱼,售出,92814.0,,0.00,0.00%,2024/1/28,2024/7/14,,168.00,,0,闲鱼,CNY,1,,,0,,JPY,0.05,0,0,0,92814.0,no,0,0,0,,,闲鱼,
aj1 倒钩高帮,,鞋子,4288,95新,其他,咸鱼,售出,102300.0,,0.00,0.00%,2024/1/28,2024/3/6,,38.00,闲鱼,0,闲鱼,CNY,1,,,0,,JPY,0.05,0,0,0,102300.0,no,0,0,0,,,闲鱼,
aj1 藤原浩 大闪电,,42.5,6988,95新,配件齐全,咸鱼,售出,236000.0,,219.70,3.14%,2024/1/28,2024/2/21,,24.00,闲鱼,0,闲鱼,CNY,1,,,0,,JPY,0.05,0,0,0,236000.0,no,0,0,0,,,闲鱼,
dunk sb 白外星人,,42.5,2562,全新,配件齐全,95,未售出,,,222.70,8.69%,2024/1/29,,,,95分,0,闲鱼,CNY,1,,,0,,JPY,0.05,0,0,0,,no,0,0,0,,,闲鱼,
dunk sb 高帮钻石,,42.5,2620,全新,配件齐全,咸鱼小约翰（在库,未售出,,,246.70,9.42%,2024/1/29,,,,,0,闲鱼,CNY,1,,,0,,JPY,0.05,0,0,0,,no,0,0,0,,,闲鱼,
dunk sb 高帮钻石,,鞋子,1400,8新,配件鞋盒丢失,95（在库,未售出,,,220.50,15.75%,2024/1/29,,,,,0,闲鱼,CNY,1,,,0,,JPY,0.05,0,0,0,,no,0,0,0,,,闲鱼,
aj1 黑红脚趾,,鞋子,1013,9新,配件丢失,95,售出,34875.0,,1248.00,123.20%,2024/1/29,2024/4/28,,90.00,,0,闲鱼,CNY,1,,,0,,JPY,0.05,0,0,0,34875.0,no,0,0,0,,,闲鱼,
supreme 羊夹克,,s,1622,未使用近全新,配件齐全,咸鱼,未售出,,,2433.00,150.00%,2024/1/30,,,,闲鱼,0,闲鱼,CNY,1,,,0,,JPY,0.05,0,0,0,,no,0,0,0,,,闲鱼,
aj1 禁穿 16,,鞋子,1185,9新,配件齐全,95,售出,65100.0,,0.00,0.00%,2024/1/30,2024/3/18,,48.00,95分,0,闲鱼,CNY,1,,,0,,JPY,0.05,0,0,0,65100.0,no,0,0,0,,,闲鱼,
aj1 黑红脚趾,,42.5,814,8新,配件鞋盒丢失,95,售出,27714.0,,0.00,0.00%,2024/1/31,,,,,0,闲鱼,CNY,1,,,0,,JPY,0.05,0,0,0,27714.0,no,0,0,0,,,闲鱼,
dunk sb kasina,,鞋子,1488,9新,配件齐全,咸鱼,售出,35270.0,,0.00,0.00%,2024/1/31,2025/1/17,,352.00,闲鱼,0,闲鱼,CNY,1,,,0,,JPY,0.05,0,0,0,35270.0,no,0,0,0,,,闲鱼,
aj1 芝加哥 15,,44.5,2464,8新,配件鞋盒丢失,95,售出,82584.0,,745.00,30.24%,2024/1/31,2024/3/23,,52.00,95分,0,闲鱼,CNY,1,,,0,,JPY,0.05,0,0,0,82584.0,no,0,0,0,,,闲鱼,
supreme 绿色帽衫,,L,822,95新,配件齐全,闲鱼,未售出,,,0.00,0.00%,2024/2/2,,,,闲鱼,0,闲鱼,CNY,1,,,0,,JPY,0.05,0,0,0,,no,0,0,0,,,闲鱼,
dunk sb 遛狗 特殊盒,,鞋子,2400,全新,配件齐全,特殊盒，95,未上架,,,0.00,0.00%,2024/2/7,,,,,0,闲鱼,CNY,1,,,0,,JPY,0.05,0,0,0,,no,0,0,0,,,闲鱼,
aj1 turbo green,,42.5,880,9新,配件齐全,95,售出,31430.0,,2179.70,247.69%,2024/2/17,2024/5/7,,80.00,95分,0,闲鱼,CNY,1,,,0,,JPY,0.05,0,0,0,31430.0,no,0,0,0,,,闲鱼,
dunk sb 灯芯绒,,鞋子,700,9新,配件齐全,95分,在途,,,0.00,0.00%,2024/2/23,,,,,0,闲鱼,CNY,1,,,0,,JPY,0.05,0,0,0,,no,0,0,0,,,闲鱼,
aj1 turbo green,,42.5,824,9新,配件齐全,95,未售出,,,932.50,113.17%,2024/3/5,,,,,0,闲鱼,CNY,1,,,0,,JPY,0.05,0,0,0,,no,0,0,0,,,闲鱼,
aj1 turbo green,,44.5,700,95新,配件鞋盒丢失,95,售出,25110.0,,0.00,0.00%,2024/3/5,2024/7/25,,142.00,,0,闲鱼,CNY,1,,,0,,JPY,0.05,0,0,0,25110.0,no,0,0,0,,,闲鱼,
aj1 禁止转卖,,鞋子,2200,9新,配件齐全,95,未售出,,,1675.00,76.14%,2024/3/6,,,,,0,闲鱼,CNY,1,,,0,,JPY,0.05,0,0,0,,no,0,0,0,,,闲鱼,
dunk sb 白外星人 2.0,,鞋子,1880,全新,配件齐全,闲鱼,未售出,,,0.00,0.00%,2024/3/6,,,,闲鱼,0,闲鱼,CNY,1,,,0,,JPY,0.05,0,0,0,,no,0,0,0,,,闲鱼,
dunk sb 紫鸽子,,鞋子,3680,99新,鞋盒丢失,闲鱼,未售出,,,0.00,0.00%,2024/3/6,,,,,0,闲鱼,CNY,1,,,0,,JPY,0.05,0,0,0,,no,0,0,0,,,闲鱼,
dunk sb 春丽,,鞋子,4040,全新,配件齐全,闲鱼,售出,138384.0,,693.20,17.16%,2024/3/6,2024/12/23,,292.00,闲鱼,0,闲鱼,CNY,1,,,0,,JPY,0.05,0,0,0,138384.0,no,0,0,0,,,闲鱼,
aj1 sb 海军蓝 low,,鞋子,580,8新,配件鞋盒丢失,95,未售出,,,0.00,0.00%,2024/3/7,,,,,0,闲鱼,CNY,1,,,0,,JPY,0.05,0,0,0,,no,0,0,0,,,闲鱼,
dunk sb 白外星人 2.0,,鞋子,810,8新,配件丢失,95,在途,,,0.00,0.00%,2024/3/7,,,,,0,闲鱼,CNY,1,,,0,,JPY,0.05,0,0,0,,no,0,0,0,,,闲鱼,
dunk sb 白外星人 2.0,,鞋子,611,9新,配件丢失,95,未售出,,,0.00,0.00%,2024/3/7,,,,,0,闲鱼,CNY,1,,,0,,JPY,0.05,0,0,0,,no,0,0,0,,,闲鱼,
nb 992 stone island,,鞋子,2002,全新,配件齐全,95,未售出,,,1774.50,88.64%,2024/3/7,,,,95分,0,闲鱼,CNY,1,,,0,,JPY,0.05,0,0,0,,no,0,0,0,,,闲鱼,
dunk sb 白外星人 2.0,,鞋子,590,8新,配件丢失,95,售出,27714.0,,1605.50,272.12%,2024/3/7,2024/4/6,,30.00,95分,0,闲鱼,CNY,1,,,0,,JPY,0.05,0,0,0,27714.0,no,0,0,0,,,闲鱼,
aj1 golf 芝加哥,,42.5,663,95新,配件丢失,95,售出,27900.0,,0.00,0.00%,2024/3/7,,,,,0,闲鱼,CNY,1,,,0,,JPY,0.05,0,0,0,27900.0,no,0,0,0,,,闲鱼,
aj1 sb 海军蓝 low,,40.5,950,9新,配件齐全,95,售出,37000.0,,0.00,0.00%,2024/3/7,2024/4/7,,31.00,95分,0,闲鱼,CNY,1,,,0,,JPY,0.05,0,0,0,37000.0,no,0,0,0,,,闲鱼,
nb 992eb,,鞋子,1169,9新,配件齐全,95,售出,41664.0,,1357.50,116.12%,2024/3/7,2024/4/16,,40.00,95分,0,闲鱼,CNY,1,,,0,,JPY,0.05,0,0,0,41664.0,no,0,0,0,,,闲鱼,
dunk sb 潜鸟,,42.5,1460,95新,配件鞋盒丢失,闲鱼,售出,53940.0,,0.00,0.00%,2024/3/7,2024/5/1,,55.00,,0,闲鱼,CNY,1,,,0,,JPY,0.05,0,0,0,53940.0,no,0,0,0,,,闲鱼,
dunk sb 喜力,,鞋子,4360,9新,配件鞋盒丢失,闲鱼,售出,158100.0,,0.00,0.00%,2024/3/7,2024/5/7,,61.00,闲鱼,0,闲鱼,CNY,1,,,0,,JPY,0.05,0,0,0,158100.0,no,0,0,0,,,闲鱼,
aj1 大闪电,,鞋子,13523,未使用近全新,配件齐全,95,售出,334000.0,,0.00,0.00%,2024/3/7,2024/6/26,,111.00,95分,0,闲鱼,CNY,1,,,0,,JPY,0.05,0,0,0,334000.0,no,0,0,0,,,闲鱼,
aj1 芝加哥 15,,鞋子,2415,9新,配件丢失,95,未上架,,,759.50,31.45%,2024/3/8,,,,,0,闲鱼,CNY,1,,,0,,JPY,0.05,0,0,0,,no,0,0,0,,,闲鱼,
aj1 禁止转卖,,42.5,1215,8新,配件齐全,95,售出,39060.0,,0.00,0.00%,2024/3/8,2024/3/21,,13.00,95分,0,闲鱼,CNY,1,,,0,,JPY,0.05,0,0,0,39060.0,no,0,0,0,,,闲鱼,
dunk sb 星巴克,,40.5,612,战斗成色,配件丢失,95,售出,26500.0,,0.00,0.00%,2024/3/9,2024/5/7,,59.00,95分,0,闲鱼,CNY,1,,,0,,JPY,0.05,0,0,0,26500.0,no,0,0,0,,,闲鱼,
aj1 黑红禁穿 2011,,鞋子,3074,8新,配件鞋盒丢失,95,未上架,,,0.00,0.00%,2024/3/10,,,,,0,闲鱼,CNY,1,,,0,,JPY,0.05,0,0,0,,no,0,0,0,,,闲鱼,
aj1 芝加哥 15,,鞋子,2100,9新,配件齐全,闲鱼,未上架,,,0.00,0.00%,2024/3/10,,,,,0,闲鱼,CNY,1,,,0,,JPY,0.05,0,0,0,,no,0,0,0,,,闲鱼,
dunk sb 飞猪 特殊盒,,42.5,2700,未使用近全新,配件齐全,闲鱼 特殊盒,未上架,,,347.70,12.88%,2024/3/10,,,,,0,闲鱼,CNY,1,,,0,,JPY,0.05,0,0,0,,no,0,0,0,,,闲鱼,
dunk sb 汤达人,,44.5,835,9新,配件齐全,95,未售出,,,0.00,0.00%,2024/3/10,,,,,0,闲鱼,CNY,1,,,0,,JPY,0.05,0,0,0,,no,0,0,0,,,闲鱼,
aj1 芝加哥 15,,鞋子,2512,9新,配件齐全,闲鱼,售出,93000.0,,0.00,0.00%,2024/3/10,,,,,0,闲鱼,CNY,1,,,0,,JPY,0.05,0,0,0,93000.0,no,0,0,0,,,闲鱼,
nb 992eb,,40.5,850,9新,配件齐全,95,未上架,,,0.00,0.00%,2024/3/11,,,,,0,闲鱼,CNY,1,,,0,,JPY,0.05,0,0,0,,no,0,0,0,,,闲鱼,
aj1 sb 海军蓝 low,,鞋子,750,9新,鞋盒丢失,95,售出,37014.0,,2985.00,398.00%,2024/3/11,2024/11/6,,240.00,,0,闲鱼,CNY,1,,,0,,JPY,0.05,0,0,0,37014.0,no,0,0,0,,,闲鱼,
dunk sb aqua,,鞋子,900,95新,配件齐全,95,未上架,,,5160.00,573.33%,2024/3/12,,,,,0,闲鱼,CNY,1,,,0,,JPY,0.05,0,0,0,,no,0,0,0,,,闲鱼,
dunk sb 道奇,,鞋子,491,战斗成色,配件鞋盒丢失,95,售出,26784.0,,0.00,0.00%,2024/3/12,2024/7/17,,127.00,,0,闲鱼,CNY,1,,,0,,JPY,0.05,0,0,0,26784.0,no,0,0,0,,,闲鱼,
aj1 黑红脚趾,,鞋子,600,8新,配件鞋盒丢失,95,售出,26914.0,,0.00,0.00%,2024/3/13,2024/9/10,,181.00,,0,闲鱼,CNY,1,,,0,,JPY,0.05,0,0,0,26914.0,no,0,0,0,,,闲鱼,
aj1 蜘蛛侠 1.0,,鞋子,1614,9新,配件鞋盒丢失,95,售出,52824.0,,0.00,0.00%,2024/3/13,2024/8/21,,161.00,95分,0,闲鱼,CNY,1,,,0,,JPY,0.05,0,0,0,52824.0,no,0,0,0,,,闲鱼,
dunk sb 遛狗 特殊盒,,42.5,1721,全新,配件齐全,95,售出,85560.0,,0.00,0.00%,2024/3/13,2024/12/5,,267.00,,0,闲鱼,CNY,1,,,0,,JPY,0.05,0,0,0,85560.0,no,0,0,0,,,闲鱼,
dunk sb 汤达人,,鞋子,765,9新,配件齐全,95,未售出,,,1142.50,149.35%,2024/3/14,,,,95分,0,闲鱼,CNY,1,,,0,,JPY,0.05,0,0,0,,no,0,0,0,,,闲鱼,
aj1 禁穿 16,,鞋子,1100,95新,配件齐全,95,售出,46560.0,,0.00,0.00%,2024/3/14,2024/6/15,,93.00,95分,0,闲鱼,CNY,1,,,0,,JPY,0.05,0,0,0,46560.0,no,0,0,0,,,闲鱼,
dunk sb 汤达人,,42.5,580,8新,配件鞋盒丢失,95,在途,,,0.00,0.00%,2024/3/17,,,,闲鱼,0,闲鱼,CNY,1,,,0,,JPY,0.05,0,0,0,,no,0,0,0,,,闲鱼,
aj1 golf 芝加哥,,42.5,661,9新,配件齐全,95,售出,30690.0,,0.00,0.00%,2024/3/17,2024/4/24,,38.00,95分,0,闲鱼,CNY,1,,,0,,JPY,0.05,0,0,0,30690.0,no,0,0,0,,,闲鱼,
dunk sb 高帮钻石,,42.5,1488,95新,配件齐全,闲鱼（在库,售出,50034.0,,0.00,0.00%,2024/3/17,2024/10/7,,204.00,95分,0,闲鱼,CNY,1,,,0,,JPY,0.05,0,0,0,50034.0,no,0,0,0,,,闲鱼,
dunk sb 草莓熊,,鞋子,780,9新,配件鞋盒丢失,95,售出,24180.0,,1761.00,225.77%,2024/3/18,2024/12/15,,272.00,95分,0,闲鱼,CNY,1,,,0,,JPY,0.05,0,0,0,24180.0,no,0,0,0,,,闲鱼,
aj1 禁穿 16,,40.5,1350,9新,配件齐全,支付宝转账 青云,未售出,,,0.00,0.00%,2024/3/19,,,,微信,0,闲鱼,CNY,1,,,0,,JPY,0.05,0,0,0,,no,0,0,0,,,闲鱼,
aj1 禁穿 16,,鞋子,1350,9新,配件齐全,支付宝转账 青云,未售出,,,0.00,0.00%,2024/3/19,,,,微信,0,闲鱼,CNY,1,,,0,,JPY,0.05,0,0,0,,no,0,0,0,,,闲鱼,
aj1 禁穿 16,,42.5,2765,未使用近全新,鞋盒丢失,95,售出,102300.0,,747.00,27.02%,2024/3/19,2024/5/7,,49.00,95分,0,闲鱼,CNY,1,,,0,,JPY,0.05,0,0,0,102300.0,no,0,0,0,,,闲鱼,
aj1 禁穿 16,,45.5,2386,全新,鞋盒丢失,95,未上架,,,810.00,33.95%,2024/3/20,,,,,0,闲鱼,CNY,1,,,0,,JPY,0.05,0,0,0,,no,0,0,0,,,闲鱼,
aj1 禁止转卖,,鞋子,1216,8新,配件鞋盒丢失,95,售出,40920.0,,0.00,0.00%,2024/3/21,2024/6/19,,90.00,95分,0,闲鱼,CNY,1,,,0,,JPY,0.05,0,0,0,40920.0,no,0,0,0,,,闲鱼,
aj1 芝加哥 15,,鞋子,3500,9新,配件齐全,闲鱼 带黑牌,售出,111600.0,,996.20,28.46%,2024/3/23,2024/5/3,,41.00,,0,闲鱼,CNY,1,,,0,,JPY,0.05,0,0,0,111600.0,no,0,0,0,,,闲鱼,
aj1 禁穿 16,,鞋子,3166,全新,配件齐全,95,未售出,,,940.00,29.69%,2024/3/24,,,,,0,闲鱼,CNY,1,,,0,,JPY,0.05,0,0,0,,no,0,0,0,,,闲鱼,
dunk sb mid 寡妇,,40.5,210,战斗成色,配件鞋盒丢失,95,未售出,,,425.70,202.71%,2024/3/24,,,,95分,0,闲鱼,CNY,1,,,0,,JPY,0.05,0,0,0,,no,0,0,0,,,闲鱼,
dunk sb 爱尔兰,,鞋子,1400,9新,配件鞋盒丢失,95,未售出,,,0.00,0.00%,2024/3/25,,,,,0,闲鱼,CNY,1,,,0,,JPY,0.05,0,0,0,,no,0,0,0,,,闲鱼,
aj1 芝加哥 15,,42.5,2515,9新,配件鞋盒丢失,,未售出,,,0.00,0.00%,2024/4/3,,,,95分,0,闲鱼,CNY,1,,,0,,JPY,0.05,0,0,0,,no,0,0,0,,,闲鱼,
dunk sb 道奇,,鞋子,550,8新,配件鞋盒丢失,,未上架,,,0.00,0.00%,2024/4/3,,,,95分,0,闲鱼,CNY,1,,,0,,JPY,0.05,0,0,0,,no,0,0,0,,,闲鱼,
aj1 low 单宁水洗,,鞋子,578,全新,配件齐全,,售出,13113.0,,401.85,69.52%,2024/4/3,2024/6/4,,62.00,95分,0,闲鱼,CNY,1,,,0,,JPY,0.05,0,0,0,13113.0,no,0,0,0,,,闲鱼,
aj1 low 单宁水洗,,鞋子,568,全新,配件齐全,,售出,14111.0,,1707.00,300.53%,2024/4/3,2024/5/6,,33.00,95分,0,闲鱼,CNY,1,,,0,,JPY,0.05,0,0,0,14111.0,no,0,0,0,,,闲鱼,
aj1 low 单宁水洗,,鞋子,568,全新,配件齐全,,售出,14880.0,,0.00,0.00%,2024/4/3,2024/4/26,,23.00,95分,0,闲鱼,CNY,1,,,0,,JPY,0.05,0,0,0,14880.0,no,0,0,0,,,闲鱼,
aj1 low 单宁水洗,,42.5,564,全新,配件齐全,闲鱼,售出,14973.0,,1183.00,209.75%,2024/4/3,2024/5/4,,31.00,闲鱼,0,闲鱼,CNY,1,,,0,,JPY,0.05,0,0,0,14973.0,no,0,0,0,,,闲鱼,
aj1 low 单宁水洗,,鞋子,568,全新,配件齐全,,售出,15411.0,,0.00,0.00%,2024/4/3,2024/5/6,,33.00,95分,0,闲鱼,CNY,1,,,0,,JPY,0.05,0,0,0,15411.0,no,0,0,0,,,闲鱼,
aj1 low 单宁水洗,,鞋子,568,全新,配件齐全,,售出,15751.0,,0.00,0.00%,2024/4/3,2024/5/2,,29.00,95分,0,闲鱼,CNY,1,,,0,,JPY,0.05,0,0,0,15751.0,no,0,0,0,,,闲鱼,
aj1 low 单宁水洗,,鞋子,578,全新,配件齐全,,售出,15880.0,,421.50,72.92%,2024/4/3,2024/4/24,,21.00,95分,0,闲鱼,CNY,1,,,0,,JPY,0.05,0,0,0,15880.0,no,0,0,0,,,闲鱼,
aj1 low 单宁水洗,,鞋子,564,全新,配件齐全,闲鱼,售出,18265.0,,0.00,0.00%,2024/4/3,2024/4/29,,26.00,闲鱼,0,闲鱼,CNY,1,,,0,,JPY,0.05,0,0,0,18265.0,no,0,0,0,,,闲鱼,
dunk sb 芝加哥,,42.5,1500,全新,配件齐全,鞋盒破损,售出,29800.0,,0.00,0.00%,2024/4/3,2024/7/14,,102.00,95分,0,闲鱼,CNY,1,,,0,,JPY,0.05,0,0,0,29800.0,no,0,0,0,,,闲鱼,
dunk sb 芝加哥,,鞋子,1659,全新,配件齐全,,售出,33276.0,,0.00,0.00%,2024/4/3,,,,95分,0,闲鱼,CNY,1,,,0,,JPY,0.05,0,0,0,33276.0,no,0,0,0,,,闲鱼,
dunk sb 钻石低帮,,鞋子,2800,8新,配件鞋盒丢失,闲鱼,售出,91270.0,,0.00,0.00%,2024/4/3,2024/7/5,,93.00,闲鱼,0,闲鱼,CNY,1,,,0,,JPY,0.05,0,0,0,91270.0,no,0,0,0,,,闲鱼,
aj1 黑脚趾 13,,鞋子,1124,95新,配件鞋盒丢失,,未售出,,,993.50,88.39%,2024/4/4,,,,95分,0,闲鱼,CNY,1,,,0,,JPY,0.05,0,0,0,,no,0,0,0,,,闲鱼,
aj1 禁止转卖,,44.5,1416,战斗成色,配件齐全,,在途,,,1213.50,85.70%,2024/4/4,,,,95分,0,闲鱼,CNY,1,,,0,,JPY,0.05,0,0,0,,no,0,0,0,,,闲鱼,
dunk sb 白外星人 2.0,,42.5,419,战斗成色,配件齐全,鞋盒破损,未上架,,,0.00,0.00%,2024/4/4,,,,95分,0,闲鱼,CNY,1,,,0,,JPY,0.05,0,0,0,,no,0,0,0,,,闲鱼,
dunk sb 薄荷,,42.5,600,9新,配件鞋盒丢失,,未售出,,,0.00,0.00%,2024/4/4,,,,95分,0,闲鱼,CNY,1,,,0,,JPY,0.05,0,0,0,,no,0,0,0,,,闲鱼,
aj1 禁止转卖,,44.5,1416,9新,配件鞋盒丢失,一边鞋带,售出,53010.0,,0.00,0.00%,2024/4/4,2024/7/13,,100.00,95分,0,闲鱼,CNY,1,,,0,,JPY,0.05,0,0,0,53010.0,no,0,0,0,,,闲鱼,
dunk sb 高帮钻石,,44.5,1700,全新,配件鞋盒丢失,（在库,未售出,,,0.00,0.00%,2024/4/5,,,,闲鱼,0,闲鱼,CNY,1,,,0,,JPY,0.05,0,0,0,,no,0,0,0,,,闲鱼,
dunk sb low lance moutain,,44.5,1215,全新,配件齐全,闲鱼,售出,40000.0,,529.50,43.58%,2024/4/5,2024/7/19,,105.00,闲鱼,0,闲鱼,CNY,1,,,0,,JPY,0.05,0,0,0,40000.0,no,0,0,0,,,闲鱼,
dunk sb elephant,,42.5,980,9新,配件齐全,,售出,34000.0,,0.00,0.00%,2024/4/8,2024/4/21,,13.00,95分,0,闲鱼,CNY,1,,,0,,JPY,0.05,0,0,0,34000.0,no,0,0,0,,,闲鱼,
aj1 小闪电,,鞋子,785,战斗成色,配件齐全,,售出,30225.0,,0.00,0.00%,2024/4/9,2024/6/4,,56.00,95分,0,闲鱼,CNY,1,,,0,,JPY,0.05,0,0,0,30225.0,no,0,0,0,,,闲鱼,
af1 权志龙 白,,42.5,1116,战斗成色,配件齐全,,售出,38130.0,,548.50,49.15%,2024/4/9,2024/5/20,,41.00,95分,0,闲鱼,CNY,1,,,0,,JPY,0.05,0,0,0,38130.0,no,0,0,0,,,闲鱼,
af1 ts,,鞋子,1114,95新,配件齐全,,售出,33424.0,,0.00,0.00%,2024/4/10,2024/7/2,,83.00,95分,0,闲鱼,CNY,1,,,0,,JPY,0.05,0,0,0,33424.0,no,0,0,0,,,闲鱼,
aj1 小闪电,,鞋子,660,战斗成色,配件齐全,,售出,35154.0,,688.50,104.32%,2024/4/10,2024/8/21,,133.00,95分,0,闲鱼,CNY,1,,,0,,JPY,0.05,0,0,0,35154.0,no,0,0,0,,,闲鱼,
dunk sb 橙盒,,44.5,2014,战斗成色,配件齐全,,未售出,,,0.00,0.00%,2024/4/11,,,,95分,0,闲鱼,CNY,1,,,0,,JPY,0.05,0,0,0,,no,0,0,0,,,闲鱼,
dunk sb 橙盒,,鞋子,1200,9新,配件齐全,,未售出,,,0.00,0.00%,2024/4/11,,,,95分,0,闲鱼,CNY,1,,,0,,JPY,0.05,0,0,0,,no,0,0,0,,,闲鱼,
dunk sb 迷失,,38.5,400,未使用近全新,配件鞋盒丢失,闲鱼,未售出,,,0.00,0.00%,2024/4/11,,,,闲鱼,0,闲鱼,CNY,1,,,0,,JPY,0.05,0,0,0,,no,0,0,0,,,闲鱼,
dunk sb supreme rammellzee,,鞋子,1614,战斗成色,配件鞋盒丢失,,售出,39934.0,,1445.00,89.53%,2024/4/11,2024/6/6,,56.00,95分,0,闲鱼,CNY,1,,,0,,JPY,0.05,0,0,0,39934.0,no,0,0,0,,,闲鱼,
aj1 ow UNC,,鞋子,8214,全新,配件齐全,,未售出,,,0.00,0.00%,2024/4/12,,,,95分,0,闲鱼,CNY,1,,,0,,JPY,0.05,0,0,0,,no,0,0,0,,,闲鱼,
dunk sb carpet,,鞋子,515,战斗成色,配件齐全,,未售出,,,0.00,0.00%,2024/4/12,,,,95分,0,闲鱼,CNY,1,,,0,,JPY,0.05,0,0,0,,no,0,0,0,,,闲鱼,
dunk sb 汤达人,,鞋子,1440,战斗成色,配件齐全,,售出,45380.0,,872.70,60.60%,2024/4/12,2024/5/2,,20.00,95分,0,闲鱼,CNY,1,,,0,,JPY,0.05,0,0,0,45380.0,no,0,0,0,,,闲鱼,
aj1 黑红脚趾,,鞋子,824,战斗成色,配件齐全,,未售出,,,887.00,107.65%,2024/4/13,,,,95分,0,闲鱼,CNY,1,,,0,,JPY,0.05,0,0,0,,no,0,0,0,,,闲鱼,
aj1 low 芝加哥 15,,鞋子,1250,战斗成色,配件齐全,,售出,35900.0,,0.00,0.00%,2024/4/13,2025/2/6,,299.00,95分,0,闲鱼,CNY,1,,,0,,JPY,0.05,0,0,0,35900.0,no,0,0,0,,,闲鱼,
dunk sb 青苹果,,45.5,739,战斗成色,配件齐全,,未售出,,,0.00,0.00%,2024/4/14,,,,95分,0,闲鱼,CNY,1,,,0,,JPY,0.05,0,0,0,,no,0,0,0,,,闲鱼,
aj1 黑白熊猫 14,,鞋子,1000,9新,配件鞋盒丢失,,未售出,,,0.00,0.00%,2024/4/16,,,,闲鱼,0,闲鱼,CNY,1,,,0,,JPY,0.05,0,0,0,,no,0,0,0,,,闲鱼,
aj1 黑脚趾 13,,鞋子,700,9新,配件鞋盒丢失,,未售出,,,727.50,103.93%,2024/4/16,,,,闲鱼,0,闲鱼,CNY,1,,,0,,JPY,0.05,0,0,0,,no,0,0,0,,,闲鱼,
aj1 扣碎 1.0,,鞋子,1600,9新,配件鞋盒丢失,,未售出,,,0.00,0.00%,2024/4/16,,,,闲鱼,0,闲鱼,CNY,1,,,0,,JPY,0.05,0,0,0,,no,0,0,0,,,闲鱼,
aj1 芝加哥 15,,鞋子,2200,9新,配件鞋盒丢失,,未上架,,,0.00,0.00%,2024/4/16,,,,闲鱼,0,闲鱼,CNY,1,,,0,,JPY,0.05,0,0,0,,no,0,0,0,,,闲鱼,
af1 权志龙 黑,,鞋子,1480,95新,配件齐全,,售出,35154.0,,0.00,0.00%,2024/4/16,2024/6/8,,53.00,闲鱼,0,闲鱼,CNY,1,,,0,,JPY,0.05,0,0,0,35154.0,no,0,0,0,,,闲鱼,
af1 权志龙 黑,,42.5,1150,9新,配件齐全,,售出,39060.0,,0.00,0.00%,2024/4/16,2024/6/19,,64.00,95分,0,闲鱼,CNY,1,,,0,,JPY,0.05,0,0,0,39060.0,no,0,0,0,,,闲鱼,
dunk sb 高帮钻石,,鞋子,800,9新,配件鞋盒丢失,（在库,售出,39990.0,,917.00,114.63%,2024/4/16,2025/1/5,,264.00,闲鱼,0,闲鱼,CNY,1,,,0,,JPY,0.05,0,0,0,39990.0,no,0,0,0,,,闲鱼,
dunk sb 高帮钻石,,鞋子,900,战斗成色,配件齐全,（在库,售出,30690.0,,0.00,0.00%,2024/4/17,2024/10/9,,175.00,95分,0,闲鱼,CNY,1,,,0,,JPY,0.05,0,0,0,30690.0,no,0,0,0,,,闲鱼,
dunk sb 遛狗,,鞋子,560,8新,配件齐全,,售出,27900.0,,-470.00,-83.93%,2024/4/21,2024/6/6,,46.00,95分,0,闲鱼,CNY,1,,,0,,JPY,0.05,0,0,0,27900.0,no,0,0,0,,,闲鱼,
dunk sb 高帮钻石,,鞋子,1600,95新,配件齐全,（在库,售出,60580.0,,0.00,0.00%,2024/4/21,2024/11/1,,194.00,95分,0,闲鱼,CNY,1,,,0,,JPY,0.05,0,0,0,60580.0,no,0,0,0,,,闲鱼,
dunk sb jedi,,鞋子,1540,8新,配件齐全,,未上架,,,0.00,0.00%,2024/4/22,,,,,0,闲鱼,CNY,1,,,0,,JPY,0.05,0,0,0,,no,0,0,0,,,闲鱼,
dunk sb DJ12,,鞋子,300,8新,配件齐全,,售出,19150.0,,1120.00,373.33%,2024/4/22,2024/7/19,,88.00,闲鱼,0,闲鱼,CNY,1,,,0,,JPY,0.05,0,0,0,19150.0,no,0,0,0,,,闲鱼,
dunk sb 食神,,42.5,1113,95新,配件齐全,,售出,32000.0,,2547.00,228.84%,2024/4/22,2024/6/14,,53.00,95分,0,闲鱼,CNY,1,,,0,,JPY,0.05,0,0,0,32000.0,no,0,0,0,,,闲鱼,
aj1 low 单宁水洗,,鞋子,478,全新,配件齐全,,售出,13671.0,,206.50,43.20%,2024/4/23,2024/7/14,,82.00,95分,0,闲鱼,CNY,1,,,0,,JPY,0.05,0,0,0,13671.0,no,0,0,0,,,闲鱼,
af1 lo mio,,鞋子,550,9新,配件鞋盒丢失,,未售出,,,711.50,129.36%,2024/4/24,,,,95分,0,闲鱼,CNY,1,,,0,,JPY,0.05,0,0,0,,no,0,0,0,,,闲鱼,
af1 lo mio,,鞋子,400,8新,配件鞋盒丢失,,未售出,,,4900.00,1225.00%,2024/4/24,,,,95分,0,闲鱼,CNY,1,,,0,,JPY,0.05,0,0,0,,no,0,0,0,,,闲鱼,
aj1 扣碎 1.0,,鞋子,1214,9新,配件鞋盒丢失,,未售出,,,0.00,0.00%,2024/4/24,,,,95分,0,闲鱼,CNY,1,,,0,,JPY,0.05,0,0,0,,no,0,0,0,,,闲鱼,
aj1 小闪电,,鞋子,914,95新,配件鞋盒丢失,,售出,30951.0,,0.00,0.00%,2024/4/24,2024/10/7,,166.00,95分,0,闲鱼,CNY,1,,,0,,JPY,0.05,0,0,0,30951.0,no,0,0,0,,,闲鱼,
nb 992eb,,鞋子,1014,95新,配件齐全,,售出,37200.0,,0.00,0.00%,2024/4/24,,,,95分,0,闲鱼,CNY,1,,,0,,JPY,0.05,0,0,0,37200.0,no,0,0,0,,,闲鱼,
dunk sb 飞猪 特殊盒,,鞋子,1820,95新,配件齐全,,未上架,,,585.70,32.18%,2024/5/2,,,,,0,闲鱼,CNY,1,,,0,,JPY,0.05,0,0,0,,no,0,0,0,,,闲鱼,
dunk off white no.41,,鞋子,1140,95新,配件齐全,,售出,35154.0,,475.00,41.67%,2024/5/2,2024/12/25,,237.00,,0,闲鱼,CNY,1,,,0,,JPY,0.05,0,0,0,35154.0,no,0,0,0,,,闲鱼,
af1 offwhite （the ten）,,鞋子,1060,战斗成色,配件鞋盒丢失,,售出,27900.0,,0.00,0.00%,2024/5/5,2024/12/9,,,,0,闲鱼,CNY,1,,,0,,JPY,0.05,0,0,0,27900.0,no,0,0,0,,,闲鱼,
aj1 禁穿 16,,鞋子,779,8新,配件齐全,,未售出,,,0.00,0.00%,2024/5/8,,,,95分,0,闲鱼,CNY,1,,,0,,JPY,0.05,0,0,0,,no,0,0,0,,,闲鱼,
aj1 芝加哥 15,,鞋子,2500,95新,配件鞋盒丢失,,未售出,,,0.00,0.00%,2024/5/8,,,,95分,0,闲鱼,CNY,1,,,0,,JPY,0.05,0,0,0,,no,0,0,0,,,闲鱼,
dunk sb elephant,,40.5,697,9新,配件鞋盒丢失,,未售出,,,0.00,0.00%,2024/5/8,,,,95分,0,闲鱼,CNY,1,,,0,,JPY,0.05,0,0,0,,no,0,0,0,,,闲鱼,
dunk sb huf 旧金山,,鞋子,654,9新,配件鞋盒丢失,,未售出,,,103.25,15.79%,2024/5/8,,,,95分,0,闲鱼,CNY,1,,,0,,JPY,0.05,0,0,0,,no,0,0,0,,,闲鱼,
aj1 禁穿 16,,鞋子,1014,9新,配件鞋盒丢失,,售出,31620.0,,0.00,0.00%,2024/5/9,2024/10/10,,154.00,95分,0,闲鱼,CNY,1,,,0,,JPY,0.05,0,0,0,31620.0,no,0,0,0,,,闲鱼,
dunk sb 异形2,,鞋子,1300,9新,配件齐全,,售出,45570.0,,0.00,0.00%,2024/5/13,2024/7/12,,60.00,95分,0,闲鱼,CNY,1,,,0,,JPY,0.05,0,0,0,45570.0,no,0,0,0,,,闲鱼,
aj1 大闪电,,鞋子,7234,9新,配件鞋盒丢失,,售出,167400.0,,0.00,0.00%,2024/5/24,2024/7/14,,51.00,95分,0,闲鱼,CNY,1,,,0,,JPY,0.05,0,0,0,167400.0,no,0,0,0,,,闲鱼,
aj1 北卡蓝,,鞋子,780,9新,配件鞋盒丢失,,售出,39800.0,,0.00,0.00%,2024/5/28,2024/8/4,,68.00,,0,闲鱼,CNY,1,,,0,,JPY,0.05,0,0,0,39800.0,no,0,0,0,,,闲鱼,
dunk sb huf 旧金山,,鞋子,609,95新,配件鞋盒丢失,,未售出,,,0.00,0.00%,2024/5/31,,,,95分,0,闲鱼,CNY,1,,,0,,JPY,0.05,0,0,0,,no,0,0,0,,,闲鱼,
aj1 禁止转卖,,鞋子,1360,95新,配件鞋盒丢失,,在途,,,0.00,0.00%,2024/6/5,,,,,0,闲鱼,CNY,1,,,0,,JPY,0.05,0,0,0,,no,0,0,0,,,闲鱼,
dunk sb 李维斯,,鞋子,903,95新,配件鞋盒丢失,,未售出,,,0.00,0.00%,2024/6/16,,,,95分,0,闲鱼,CNY,1,,,0,,JPY,0.05,0,0,0,,no,0,0,0,,,闲鱼,
dunk sb 李维斯,,42.5,2840,全新,配件齐全,,未售出,,,0.00,0.00%,2024/6/16,,,,,0,闲鱼,CNY,1,,,0,,JPY,0.05,0,0,0,,no,0,0,0,,,闲鱼,
dunk sb 万圣节,,鞋子,360,战斗成色,配件齐全,,售出,18600.0,,0.00,0.00%,2024/6/16,2024/10/17,,123.00,闲鱼,0,闲鱼,CNY,1,,,0,,JPY,0.05,0,0,0,18600.0,no,0,0,0,,,闲鱼,
dunk sb 李维斯,,鞋子,1300,9新,配件鞋盒丢失,,售出,46500.0,,0.00,0.00%,2024/6/16,2024/7/25,,39.00,,0,闲鱼,CNY,1,,,0,,JPY,0.05,0,0,0,46500.0,no,0,0,0,,,闲鱼,
dunk sb 蚊子,,鞋子,1600,9新,配件鞋盒丢失,,未售出,,,0.00,0.00%,2024/6/17,,,,闲鱼,0,闲鱼,CNY,1,,,0,,JPY,0.05,0,0,0,,no,0,0,0,,,闲鱼,
dunk sb 高达,,44.5,560,8新,配件鞋盒丢失,,售出,14880.0,,0.00,0.00%,2024/6/17,2024/9/27,,102.00,95分,0,闲鱼,CNY,1,,,0,,JPY,0.05,0,0,0,14880.0,no,0,0,0,,,闲鱼,
dunk sb 李维斯,,鞋子,1213,95新,配件鞋盒丢失,,未上架,,,0.00,0.00%,2024/6/18,,,,95分,0,闲鱼,CNY,1,,,0,,JPY,0.05,0,0,0,,no,0,0,0,,,闲鱼,
nb protection pack 海盐白,,鞋子,600,9新,配件齐全,,未售出,,,0.00,0.00%,2024/6/19,,,,95分,0,闲鱼,CNY,1,,,0,,JPY,0.05,0,0,0,,no,0,0,0,,,闲鱼,
打包链接,,鞋子,6000,8新,配件鞋盒丢失,A400102,未售出,,,0.00,0.00%,2024/6/20,,,,,0,闲鱼,CNY,1,,,0,,JPY,0.05,0,0,0,,no,0,0,0,,,闲鱼,
aj1 扣碎 1.0,,鞋子,990,9新,鞋盒丢失,,售出,55614.0,,0.00,0.00%,2024/6/20,2024/7/15,,25.00,95分,0,闲鱼,CNY,1,,,0,,JPY,0.05,0,0,0,55614.0,no,0,0,0,,,闲鱼,
nb 2002R GTX灰,,鞋子,636,全新,配件齐全,,售出,15000.0,,0.00,0.00%,2024/6/22,2024/11/9,,140.00,95分,0,闲鱼,CNY,1,,,0,,JPY,0.05,0,0,0,15000.0,no,0,0,0,,,闲鱼,
nb 2002R GTX灰,,42.5,636,全新,配件齐全,,售出,19065.0,,0.00,0.00%,2024/6/22,2024/7/14,,22.00,95分,0,闲鱼,CNY,1,,,0,,JPY,0.05,0,0,0,19065.0,no,0,0,0,,,闲鱼,
nb 2002R GTX灰,,鞋子,636,全新,配件齐全,,售出,19530.0,,0.00,0.00%,2024/6/22,2024/9/24,,94.00,95分,0,闲鱼,CNY,1,,,0,,JPY,0.05,0,0,0,19530.0,no,0,0,0,,,闲鱼,
nb 2002R GTX灰,,44.5,636,全新,配件齐全,,售出,19660.0,,0.00,0.00%,2024/6/22,2024/11/29,,160.00,95分,0,闲鱼,CNY,1,,,0,,JPY,0.05,0,0,0,19660.0,no,0,0,0,,,闲鱼,
nb 2002R GTX灰,,鞋子,636,全新,配件齐全,,售出,19995.0,,0.00,0.00%,2024/6/22,2024/8/24,,63.00,95分,0,闲鱼,CNY,1,,,0,,JPY,0.05,0,0,0,19995.0,no,0,0,0,,,闲鱼,
nb 2002R GTX灰,,44.5,636,全新,配件齐全,,售出,20358.0,,0.00,0.00%,2024/6/22,2024/10/28,,128.00,95分,0,闲鱼,CNY,1,,,0,,JPY,0.05,0,0,0,20358.0,no,0,0,0,,,闲鱼,
nb 2002R GTX灰,,鞋子,636,全新,配件齐全,,售出,20404.0,,0.00,0.00%,2024/6/22,2024/9/7,,77.00,95分,0,闲鱼,CNY,1,,,0,,JPY,0.05,0,0,0,20404.0,no,0,0,0,,,闲鱼,
nb 2002R GTX灰,,鞋子,636,全新,配件齐全,,售出,20460.0,,0.00,0.00%,2024/6/22,2024/7/14,,22.00,95分,0,闲鱼,CNY,1,,,0,,JPY,0.05,0,0,0,20460.0,no,0,0,0,,,闲鱼,
nb 2002R GTX灰,,42.5,636,全新,配件齐全,,售出,20553.0,,0.00,0.00%,2024/6/22,2024/10/1,,101.00,95分,0,闲鱼,CNY,1,,,0,,JPY,0.05,0,0,0,20553.0,no,0,0,0,,,闲鱼,
nb 2002R GTX灰,,44.5,636,全新,配件齐全,,售出,22320.0,,0.00,0.00%,2024/6/22,2024/7/14,,22.00,95分,0,闲鱼,CNY,1,,,0,,JPY,0.05,0,0,0,22320.0,no,0,0,0,,,闲鱼,
af1 慈善,,鞋子,780,95新,配件齐全,,未售出,,,0.00,0.00%,2024/6/25,,,,闲鱼,0,闲鱼,CNY,1,,,0,,JPY,0.05,0,0,0,,no,0,0,0,,,闲鱼,
aj1 黑脚趾 13,,鞋子,420,8新,配件鞋盒丢失,,售出,23250.0,,0.00,0.00%,2024/6/25,,,,闲鱼,0,闲鱼,CNY,1,,,0,,JPY,0.05,0,0,0,23250.0,no,0,0,0,,,闲鱼,
dunk sb 万圣节,,鞋子,980,9新,配件齐全,,售出,33294.0,,0.00,0.00%,2024/6/25,2024/9/27,,94.00,闲鱼,0,闲鱼,CNY,1,,,0,,JPY,0.05,0,0,0,33294.0,no,0,0,0,,,闲鱼,
dunk sb 小龙虾,,鞋子,1340,95新,配件齐全,,售出,50034.0,,0.00,0.00%,2024/6/25,2024/8/20,,56.00,闲鱼,0,闲鱼,CNY,1,,,0,,JPY,0.05,0,0,0,50034.0,no,0,0,0,,,闲鱼,
aj5 supreme 黑,,44.5,960,9新,配件齐全,,未售出,,,0.00,0.00%,2024/7/8,,,,闲鱼,0,闲鱼,CNY,1,,,0,,JPY,0.05,0,0,0,,no,0,0,0,,,闲鱼,
dunk sb 高帮钻石,,鞋子,1280,9新,配件鞋盒丢失,（在库,售出,48360.0,,0.00,0.00%,2024/7/8,2024/12/21,,166.00,闲鱼,0,闲鱼,CNY,1,,,0,,JPY,0.05,0,0,0,48360.0,no,0,0,0,,,闲鱼,
dunk sb 绿熊,,鞋子,5500,全新,配件齐全,,未售出,,,0.00,0.00%,2024/7/10,,,,95分,0,闲鱼,CNY,1,,,0,,JPY,0.05,0,0,0,,no,0,0,0,,,闲鱼,
nb 2002R GTX灰,,鞋子,636,全新,配件齐全,,售出,,,0.00,0.00%,2024/7/11,2024/8/19,,39.00,95分,0,闲鱼,CNY,1,,,0,,JPY,0.05,0,0,0,,no,0,0,0,,,闲鱼,
dunk sb 枫叶,,鞋子,409,8新,配件鞋盒丢失,,未售出,,,0.00,0.00%,2024/7/11,,,,95分,0,闲鱼,CNY,1,,,0,,JPY,0.05,0,0,0,,no,0,0,0,,,闲鱼,
nb 2002R GTX灰,,鞋子,636,全新,配件齐全,,售出,20297.0,,0.00,0.00%,2024/7/11,2024/9/12,,63.00,95分,0,闲鱼,CNY,1,,,0,,JPY,0.05,0,0,0,20297.0,no,0,0,0,,,闲鱼,
nb 2002R GTX灰,,鞋子,636,全新,配件齐全,,售出,20581.0,,0.00,0.00%,2024/7/11,2024/8/31,,51.00,95分,0,闲鱼,CNY,1,,,0,,JPY,0.05,0,0,0,20581.0,no,0,0,0,,,闲鱼,
nb 2002R GTX灰,,鞋子,636,全新,配件齐全,,售出,21297.0,,0.00,0.00%,2024/7/11,2024/9/24,,75.00,95分,0,闲鱼,CNY,1,,,0,,JPY,0.05,0,0,0,21297.0,no,0,0,0,,,闲鱼,
nb 2002R GTX灰,,鞋子,636,全新,配件齐全,,售出,21390.0,,0.00,0.00%,2024/7/11,2024/9/26,,77.00,95分,0,闲鱼,CNY,1,,,0,,JPY,0.05,0,0,0,21390.0,no,0,0,0,,,闲鱼,
nb 2002R GTX灰,,鞋子,636,全新,配件齐全,,售出,21390.0,,0.00,0.00%,2024/7/11,2024/8/19,,39.00,95分,0,闲鱼,CNY,1,,,0,,JPY,0.05,0,0,0,21390.0,no,0,0,0,,,闲鱼,
aj1 黑红 1.5,,鞋子,178,战斗成色,配件齐全,,未售出,,,0.00,0.00%,2024/7/13,,,,95分,0,闲鱼,CNY,1,,,0,,JPY,0.05,0,0,0,,no,0,0,0,,,闲鱼,
aj1 扣碎 1.0,,鞋子,3000,全新,配件鞋盒丢失,,未售出,,,0.00,0.00%,2024/7/13,,,,95分,0,闲鱼,CNY,1,,,0,,JPY,0.05,0,0,0,,no,0,0,0,,,闲鱼,
dunk sb elephant,,鞋子,667,8新,配件齐全,,售出,23250.0,,0.00,0.00%,2024/7/13,2024/10/4,,83.00,95分,0,闲鱼,CNY,1,,,0,,JPY,0.05,0,0,0,23250.0,no,0,0,0,,,闲鱼,
aj1 golf 芝加哥,,鞋子,1323,全新,配件齐全,,售出,42779.0,,0.00,0.00%,2024/7/13,2024/9/6,,55.00,95分,0,闲鱼,CNY,1,,,0,,JPY,0.05,0,0,0,42779.0,no,0,0,0,,,闲鱼,
aj1 golf 芝加哥,,40.5,535,9新,配件鞋盒丢失,,售出,24924.0,,0.00,0.00%,2024/7/16,2024/10/1,,77.00,95分,0,闲鱼,CNY,1,,,0,,JPY,0.05,0,0,0,24924.0,no,0,0,0,,,闲鱼,
dunk sb 道奇,,鞋子,415,9新,配件齐全,,售出,24924.0,,0.00,0.00%,2024/7/16,2024/11/3,,110.00,95分,0,闲鱼,CNY,1,,,0,,JPY,0.05,0,0,0,24924.0,no,0,0,0,,,闲鱼,
dunk sb born&raised,,鞋子,2831,全新,配件齐全,,售出,102300.0,,0.00,0.00%,2024/7/16,2024/10/22,,98.00,95分,0,闲鱼,CNY,1,,,0,,JPY,0.05,0,0,0,102300.0,no,0,0,0,,,闲鱼,
aj1 golf 芝加哥,,鞋子,700,9新,配件齐全,,未售出,,,0.00,0.00%,2024/7/17,,,,95分,0,闲鱼,CNY,1,,,0,,JPY,0.05,0,0,0,,no,0,0,0,,,闲鱼,
dunk sb 熊猫鸽子,,鞋子,1400,9新,配件鞋盒丢失,,售出,32550.0,,0.00,0.00%,2024/7/23,2024/12/30,,160.00,95分,0,闲鱼,CNY,1,,,0,,JPY,0.05,0,0,0,32550.0,no,0,0,0,,,闲鱼,
dunk sb 小龙虾,,鞋子,450,8新,配件鞋盒丢失,,售出,37014.0,,0.00,0.00%,2024/7/23,2024/8/21,,29.00,95分,0,闲鱼,CNY,1,,,0,,JPY,0.05,0,0,0,37014.0,no,0,0,0,,,闲鱼,
dunk sb futura,,42.5,1340,95新,鞋盒丢失,,未售出,,,0.00,0.00%,2024/7/24,,,,95分,0,闲鱼,CNY,1,,,0,,JPY,0.05,0,0,0,,no,0,0,0,,,闲鱼,
nb 2002R GTX灰,,鞋子,636,全新,配件齐全,,售出,17670.0,,0.00,0.00%,2024/7/24,2024/8/24,,31.00,95分,0,闲鱼,CNY,1,,,0,,JPY,0.05,0,0,0,17670.0,no,0,0,0,,,闲鱼,
nb 2002R GTX灰,,鞋子,636,全新,配件齐全,,售出,18786.0,,0.00,0.00%,2024/7/24,2024/11/5,,104.00,95分,0,闲鱼,CNY,1,,,0,,JPY,0.05,0,0,0,18786.0,no,0,0,0,,,闲鱼,
nb 2002R GTX灰,,鞋子,636,全新,配件齐全,,售出,19521.0,,0.00,0.00%,2024/7/24,2024/8/30,,37.00,95分,0,闲鱼,CNY,1,,,0,,JPY,0.05,0,0,0,19521.0,no,0,0,0,,,闲鱼,
aj1 禁穿 16,,44.5,2550,全新,配件齐全,,未上架,,,0.00,0.00%,2024/7/28,,,,95分,0,闲鱼,CNY,1,,,0,,JPY,0.05,0,0,0,,no,0,0,0,,,闲鱼,
dunk sb 苹果绿,,42.5,1006,95新,配件齐全,,未售出,,,0.00,0.00%,2024/7/29,,,,95分,0,闲鱼,CNY,1,,,0,,JPY,0.05,0,0,0,,no,0,0,0,,,闲鱼,
dunk sb born&raised,,鞋子,3984,全新,配件齐全,,未售出,,,0.00,0.00%,2024/8/1,,,,95分,0,闲鱼,CNY,1,,,0,,JPY,0.05,0,0,0,,no,0,0,0,,,闲鱼,
aj1 turbo green,,44.5,1121,全新,鞋盒丢失,,售出,43710.0,,0.00,0.00%,2024/8/1,2025/1/10,,162.00,95分,0,闲鱼,CNY,1,,,0,,JPY,0.05,0,0,0,43710.0,no,0,0,0,,,闲鱼,
aj1 禁穿 16,,44.5,2600,全新,配件齐全,,未售出,,,0.00,0.00%,2024/8/3,,,,95分,0,闲鱼,CNY,1,,,0,,JPY,0.05,0,0,0,,no,0,0,0,,,闲鱼,
dunk sb 橙盒,,鞋子,1800,全新,配件齐全,鞋盒破损,未售出,,,0.00,0.00%,2024/8/3,,,,95分,0,闲鱼,CNY,1,,,0,,JPY,0.05,0,0,0,,no,0,0,0,,,闲鱼,
dunk sb 粉盒,,鞋子,1700,全新,配件齐全,,未售出,,,0.00,0.00%,2024/8/4,,,,95分,0,闲鱼,CNY,1,,,0,,JPY,0.05,0,0,0,,no,0,0,0,,,闲鱼,
aj1 禁穿 16,,鞋子,2668,全新,配件齐全,,售出,82770.0,,0.00,0.00%,2024/8/5,2024/11/10,,,95分,0,闲鱼,CNY,1,,,0,,JPY,0.05,0,0,0,82770.0,no,0,0,0,,,闲鱼,
dunk sb supreme by any means,,鞋子,880,全新,配件齐全,,售出,29760.0,,0.00,0.00%,2024/8/6,2024/12/14,,,95分,0,闲鱼,CNY,1,,,0,,JPY,0.05,0,0,0,29760.0,no,0,0,0,,,闲鱼,
dunk sb 熊猫鸽子,,鞋子,3570,全新,配件齐全,,售出,85190.0,,0.00,0.00%,2024/8/7,2025/1/26,,172.00,95分,0,闲鱼,CNY,1,,,0,,JPY,0.05,0,0,0,85190.0,no,0,0,0,,,闲鱼,
aj1 禁穿 16,,鞋子,2400,全新,,,在途,,,0.00,0.00%,2024/8/8,,,,95分,0,闲鱼,CNY,1,,,0,,JPY,0.05,0,0,0,,no,0,0,0,,,闲鱼,
aj1 turbo green,,鞋子,667,9新,,,售出,30690.0,,0.00,0.00%,2024/8/8,2024/11/3,,87.00,95分,0,闲鱼,CNY,1,,,0,,JPY,0.05,0,0,0,30690.0,no,0,0,0,,,闲鱼,
aj1 反转扣碎,,鞋子,1000,9新,配件齐全,,售出,40920.0,,0.00,0.00%,2024/8/8,2025/1/5,,150.00,95分,0,闲鱼,CNY,1,,,0,,JPY,0.05,0,0,0,40920.0,no,0,0,0,,,闲鱼,
dunk sb 高帮钻石,,鞋子,2590,全新,配件齐全,（在库,售出,167400.0,,0.00,0.00%,2024/8/8,2024/9/15,,38.00,95分,0,闲鱼,CNY,1,,,0,,JPY,0.05,0,0,0,167400.0,no,0,0,0,,,闲鱼,
dunk sb born&raised,,45.5,4124,全新,配件齐全,,未售出,,,0.00,0.00%,2024/8/9,,,,95分,0,闲鱼,CNY,1,,,0,,JPY,0.05,0,0,0,,no,0,0,0,,,闲鱼,
dunk sb 白外星人,,鞋子,500,,,,未售出,,,0.00,0.00%,2024/8/9,,,,闲鱼,0,闲鱼,CNY,1,,,0,,JPY,0.05,0,0,0,,no,0,0,0,,,闲鱼,
dunk sb 遛狗 特殊盒,,鞋子,1900,全新,配件齐全,,售出,89280.0,,0.00,0.00%,2024/8/9,2024/10/2,,,闲鱼,0,闲鱼,CNY,1,,,0,,JPY,0.05,0,0,0,89280.0,no,0,0,0,,,闲鱼,
dunk sb 熊猫鸽子,,鞋子,1600,9新,配件齐全,,售出,41745.0,,0.00,0.00%,2024/8/10,2025/1/10,,153.00,闲鱼,0,闲鱼,CNY,1,,,0,,JPY,0.05,0,0,0,41745.0,no,0,0,0,,,闲鱼,
dunk sb 情人节 新款,,鞋子,4518,全新,配件齐全,,未售出,,,0.00,0.00%,2024/8/11,,,,95分,0,闲鱼,CNY,1,,,0,,JPY,0.05,0,0,0,,no,0,0,0,,,闲鱼,
dunk sb 李维斯 蓝,,鞋子,2000,全新,配件齐全,,未售出,,,0.00,0.00%,2024/8/13,,,,闲鱼,0,闲鱼,CNY,1,,,0,,JPY,0.05,0,0,0,,no,0,0,0,,,闲鱼,
nike acg fly2 black,,鞋子,508,全新,配件齐全,,售出,16554.0,,,,2024/8/13,2025/2/7,,178.00,95分,0,闲鱼,CNY,1,,,0,,JPY,0.05,0,0,0,16554.0,no,0,0,0,,,闲鱼,
nike acg fly2 black,,鞋子,598,全新,配件齐全,,售出,18414.0,,,,2024/8/13,2024/10/12,,60.00,95分,0,闲鱼,CNY,1,,,0,,JPY,0.05,0,0,0,18414.0,no,0,0,0,,,闲鱼,
nike acg fly2 black,,鞋子,574,全新,配件齐全,,售出,18414.0,,,,2024/8/13,2024/10/12,,60.00,95分,0,闲鱼,CNY,1,,,0,,JPY,0.05,0,0,0,18414.0,no,0,0,0,,,闲鱼,
nike acg fly2 black,,鞋子,656,全新,配件齐全,,售出,19530.0,,,,2024/8/13,2024/10/12,,60.00,95分,0,闲鱼,CNY,1,,,0,,JPY,0.05,0,0,0,19530.0,no,0,0,0,,,闲鱼,
dunk sb 丑陋毛衣,,鞋子,2000,未使用近全新,配件齐全,特殊盒,售出,66960.0,,,,2024/8/13,2024/12/3,,,闲鱼,0,闲鱼,CNY,1,,,0,,JPY,0.05,0,0,0,66960.0,no,0,0,0,,,闲鱼,
aj1 禁穿 13,,鞋子,2117,,,,售出,93000.0,,,,2024/8/13,2025/2/3,,,95分,0,闲鱼,CNY,1,,,0,,JPY,0.05,0,0,0,93000.0,no,0,0,0,,,闲鱼,
dunk sb 烟雾,,鞋子,2040,9新,配件齐全,剥皮,未售出,,,,,2024/8/15,,,,闲鱼,0,闲鱼,CNY,1,,,0,,JPY,0.05,0,0,0,,no,0,0,0,,,闲鱼,
dunk sb 黑蜂 特殊盒,,鞋子,1500,全新,配件齐全,,未售出,,,,,2024/8/16,,,,闲鱼,0,闲鱼,CNY,1,,,0,,JPY,0.05,0,0,0,,no,0,0,0,,,闲鱼,
nb 2002R 云雨灰,,鞋子,460,9新,配件齐全,,未售出,,,,,2024/8/16,,,,闲鱼,0,闲鱼,CNY,1,,,0,,JPY,0.05,0,0,0,,no,0,0,0,,,闲鱼,
nb 992 白银,,鞋子,1294,全新,配件齐全,,售出,42780.0,,,,2024/8/16,2025/1/22,,159.00,95分,0,闲鱼,CNY,1,,,0,,JPY,0.05,0,0,0,42780.0,no,0,0,0,,,闲鱼,
dunk sb 猎人,,44.5,500,8新,配件齐全,,未售出,,,,,2024/8/17,,,,闲鱼,0,闲鱼,CNY,1,,,0,,JPY,0.05,0,0,0,,no,0,0,0,,,闲鱼,
aj1 扣碎 1.0,,鞋子,1618,9新,,,未售出,,,,,2024/8/18,,,,95分,0,闲鱼,CNY,1,,,0,,JPY,0.05,0,0,0,,no,0,0,0,,,闲鱼,
aj1 禁止转卖,,鞋子,3291,全新,配件齐全,,售出,111414.0,,,,2024/8/18,2024/11/15,,,95分,0,闲鱼,CNY,1,,,0,,JPY,0.05,0,0,0,111414.0,no,0,0,0,,,闲鱼,
dunk sb vegas,,鞋子,2518,全新,配件丢失,鞋带丢了,未售出,,,,,2024/8/20,,,,95分,0,闲鱼,CNY,1,,,0,,JPY,0.05,0,0,0,,no,0,0,0,,,闲鱼,
dunk sb 滑板女郎,,42.5,3200,9新,配件鞋盒丢失,,售出,84650.0,,,,2024/8/21,2025/2/8,,,95分,0,闲鱼,CNY,1,,,0,,JPY,0.05,0,0,0,84650.0,no,0,0,0,,,闲鱼,
dunk sb elephant,,鞋子,1000,95新,配件齐全,,未售出,,,,,2024/8/22,,,,95分,0,闲鱼,CNY,1,,,0,,JPY,0.05,0,0,0,,no,0,0,0,,,闲鱼,
dunk sb 熊猫鸽子,,鞋子,3300,全新,配件齐全,,售出,101500.0,,,,2024/8/30,2024/12/8,,,95分,0,闲鱼,CNY,1,,,0,,JPY,0.05,0,0,0,101500.0,no,0,0,0,,,闲鱼,
dunk sb 小龙虾,,鞋子,1700,未使用近全新,配件齐全,鞋子有发黄,未售出,,,,,2024/9/4,,,,闲鱼,0,闲鱼,CNY,1,,,0,,JPY,0.05,0,0,0,,no,0,0,0,,,闲鱼,
dunk sb 钻石低帮,,鞋子,4300,9新,配件鞋盒丢失,,未售出,,,,,2024/9/4,,,,闲鱼,0,闲鱼,CNY,1,,,0,,JPY,0.05,0,0,0,,no,0,0,0,,,闲鱼,
dunk sb 异形2,,鞋子,918,8新,配件鞋盒丢失,,售出,34224.0,,,,2024/9/6,2024/10/14,,,95分,0,闲鱼,CNY,1,,,0,,JPY,0.05,0,0,0,34224.0,no,0,0,0,,,闲鱼,
aj1 芝加哥 15,,鞋子,2514,9新,配件鞋盒丢失,,未售出,,,,,2024/9/7,,,,95分,0,闲鱼,CNY,1,,,0,,JPY,0.05,0,0,0,,no,0,0,0,,,闲鱼,
aj1 薄荷糖,,鞋子,1226,全新,,,未售出,,,,,2024/9/11,,,,95分,0,闲鱼,CNY,1,,,0,,JPY,0.05,0,0,0,,no,0,0,0,,,闲鱼,
dunk sb 小龙虾,,鞋子,500,9新,配件鞋盒丢失,,未售出,,,,,2024/9/12,,,,闲鱼,0,闲鱼,CNY,1,,,0,,JPY,0.05,0,0,0,,no,0,0,0,,,闲鱼,
aj1 黑脚趾 13,,鞋子,1799,全新,配件齐全,,售出,73470.0,,,,2024/9/12,,,,95分,0,闲鱼,CNY,1,,,0,,JPY,0.05,0,0,0,73470.0,no,0,0,0,,,闲鱼,
dunk sb born&raised,,鞋子,2340,95新,配件齐全,,售出,80910.0,,,,2024/9/12,2024/12/14,,,闲鱼,0,闲鱼,CNY,1,,,0,,JPY,0.05,0,0,0,80910.0,no,0,0,0,,,闲鱼,
dunk sb elephant,,鞋子,1632,全新,配件齐全,,未售出,,,,,2024/9/13,,,,95分,0,闲鱼,CNY,1,,,0,,JPY,0.05,0,0,0,,no,0,0,0,,,闲鱼,
aj1 黑脚趾 13,,鞋子,1600,全新,配件鞋盒丢失,,未售出,,,,,2024/9/15,,,,95分,0,闲鱼,CNY,1,,,0,,JPY,0.05,0,0,0,,no,0,0,0,,,闲鱼,
dunk sb 高帮钻石,,鞋子,1100,9新,配件丢失,,售出,51150.0,,,,2024/9/17,2024/11/17,,,闲鱼,0,闲鱼,CNY,1,,,0,,JPY,0.05,0,0,0,51150.0,no,0,0,0,,,闲鱼,
aj1 反转扣碎,,鞋子,1690,95新,配件齐全,,未售出,,,,,2024/9/19,,,,95分,0,闲鱼,CNY,1,,,0,,JPY,0.05,0,0,0,,no,0,0,0,,,闲鱼,
aj1 golf 芝加哥,,鞋子,1000,全新,,,未售出,,,,,2024/9/22,,,,95分,0,闲鱼,CNY,1,,,0,,JPY,0.05,0,0,0,,no,0,0,0,,,闲鱼,
dunk sb DJ112,,42.5,1630,全新,配件齐全,盒损,未售出,,,,,2024/9/22,,,,95分,0,闲鱼,CNY,1,,,0,,JPY,0.05,0,0,0,,no,0,0,0,,,闲鱼,
dunk sb elephant,,42.5,768,9新,,,售出,32550.0,,,,2024/9/22,2024/10/15,,,95分,0,闲鱼,CNY,1,,,0,,JPY,0.05,0,0,0,32550.0,no,0,0,0,,,闲鱼,
aj1 85 neutral gray,,42.5,900,全新,配件齐全,,未售出,,,,,2024/9/23,,,,95分,0,闲鱼,CNY,1,,,0,,JPY,0.05,0,0,0,,no,0,0,0,,,闲鱼,
aj1 zion,,鞋子,1118,9新,,,未售出,,,,,2024/9/23,,,,95分,0,闲鱼,CNY,1,,,0,,JPY,0.05,0,0,0,,no,0,0,0,,,闲鱼,
aj1 芝加哥 15,,鞋子,2300,9新,配件鞋盒丢失,,未售出,,,,,2024/9/23,,,,95分,0,闲鱼,CNY,1,,,0,,JPY,0.05,0,0,0,,no,0,0,0,,,闲鱼,
dunk sb 高达,,鞋子,324,9新,配件齐全,,未售出,,,,,2024/9/23,,,,95分,0,闲鱼,CNY,1,,,0,,JPY,0.05,0,0,0,,no,0,0,0,,,闲鱼,
nb 2002R GTX灰,,鞋子,659,全新,配件齐全,鞋标瑕疵,售出,22134.0,,,,2024/9/23,2024/10/27,,,95分,0,闲鱼,CNY,1,,,0,,JPY,0.05,0,0,0,22134.0,no,0,0,0,,,闲鱼,
aj1 扣碎 1.0,,鞋子,1400,9新,,,未售出,,,,,2024/9/24,,,,95分,0,闲鱼,CNY,1,,,0,,JPY,0.05,0,0,0,,no,0,0,0,,,闲鱼,
nb 992 kith,,鞋子,1650,8新,配件鞋盒丢失,,未售出,,,,,2024/9/24,,,,95分,0,闲鱼,CNY,1,,,0,,JPY,0.05,0,0,0,,no,0,0,0,,,闲鱼,
dunk sb 高帮钻石,,鞋子,1117,9新,配件鞋盒丢失,,未上架,,,,,2024/9/25,,,,95分,0,闲鱼,CNY,1,,,0,,JPY,0.05,0,0,0,,no,0,0,0,,,闲鱼,
dunk sb 高帮钻石,,鞋子,2960,全新,配件齐全,,售出,120900.0,,,,2024/9/25,2024/11/15,,,闲鱼,0,闲鱼,CNY,1,,,0,,JPY,0.05,0,0,0,120900.0,no,0,0,0,,,闲鱼,
aj1 大闪电,,鞋子,12740,全新,配件齐全,,售出,360000.0,,,,2024/9/25,,,,95分,0,闲鱼,CNY,1,,,0,,JPY,0.05,0,0,0,360000.0,no,0,0,0,,,闲鱼,
dunk sb 高帮钻石,,鞋子,1021,9新,配件鞋盒丢失,,未售出,,,,,2024/9/26,,,,95分,0,闲鱼,CNY,1,,,0,,JPY,0.05,0,0,0,,no,0,0,0,,,闲鱼,
dunk sb 高达,,鞋子,396,9新,配件齐全,,未售出,,,,,2024/9/26,,,,95分,0,闲鱼,CNY,1,,,0,,JPY,0.05,0,0,0,,no,0,0,0,,,闲鱼,
dunk sb 钻石低帮,,鞋子,9840,未使用近全新,配件丢失,,未售出,,,,,2024/9/26,,,,闲鱼,0,闲鱼,CNY,1,,,0,,JPY,0.05,0,0,0,,no,0,0,0,,,闲鱼,
nb 992 白银,,鞋子,1309,全新,配件齐全,,未售出,,,,,2024/9/26,,,,95分,0,闲鱼,CNY,1,,,0,,JPY,0.05,0,0,0,,no,0,0,0,,,闲鱼,
dunk sb vegas,,40.5,380,8新,配件齐全,,售出,32450.0,,,,2024/9/26,2024/10/21,,,闲鱼,0,闲鱼,CNY,1,,,0,,JPY,0.05,0,0,0,32450.0,no,0,0,0,,,闲鱼,
dunk sb black sheep,,鞋子,1758,未使用近全新,,,未售出,,,,,2024/9/27,,,,闲鱼,0,闲鱼,CNY,1,,,0,,JPY,0.05,0,0,0,,no,0,0,0,,,闲鱼,
dunk sb 情人节 新款,,鞋子,4546,全新,配件齐全,,未售出,,,,,2024/9/28,,,,95分,0,闲鱼,CNY,1,,,0,,JPY,0.05,0,0,0,,no,0,0,0,,,闲鱼,
nb 2002RBV,,鞋子,637,全新,配件齐全,,未售出,,,,,2024/9/28,,,,95分,0,闲鱼,CNY,1,,,0,,JPY,0.05,0,0,0,,no,0,0,0,,,闲鱼,
af1 tiffany,,鞋子,7300,95新,配件齐全,,未售出,,,,,2024/9/29,,,,95分,0,闲鱼,CNY,1,,,0,,JPY,0.05,0,0,0,,no,0,0,0,,,闲鱼,
af1 tiffany,,鞋子,6323,9新,配件齐全,,售出,163680.0,,,,2024/9/29,2025/1/20,,113.00,95分,0,闲鱼,CNY,1,,,0,,JPY,0.05,0,0,0,163680.0,no,0,0,0,,,闲鱼,
aj1 蜘蛛侠 1.0,,鞋子,2550,全新,,,未售出,,,,,2024/9/30,,,,95分,0,闲鱼,CNY,1,,,0,,JPY,0.05,0,0,0,,no,0,0,0,,,闲鱼,
nb protection pack 海盐白,,鞋子,750,9新,配件齐全,,未上架,,,,,2024/9/30,,,,95分,0,闲鱼,CNY,1,,,0,,JPY,0.05,0,0,0,,no,0,0,0,,,闲鱼,
dunk sb 白钻石,,鞋子,734,8新,配件鞋盒丢失,,售出,31620.0,,,,2024/9/30,2025/1/26,,118.00,95分,0,闲鱼,CNY,1,,,0,,JPY,0.05,0,0,0,31620.0,no,0,0,0,,,闲鱼,
dunk sb 食神,,鞋子,950,9新,配件齐全,,售出,37200.0,,,,2024/9/30,2025/1/5,,97.00,95分,0,闲鱼,CNY,1,,,0,,JPY,0.05,0,0,0,37200.0,no,0,0,0,,,闲鱼,
aj1 sb 海军蓝 low,,鞋子,1150,9新,配件齐全,,未售出,,,,,2024/10/1,,,,95分,0,闲鱼,CNY,1,,,0,,JPY,0.05,0,0,0,,no,0,0,0,,,闲鱼,
dunk sb 25美分,,鞋子,429,9新,配件齐全,,售出,30504.0,,,,2024/10/1,2024/10/1,,0.00,95分,0,闲鱼,CNY,1,,,0,,JPY,0.05,0,0,0,30504.0,no,0,0,0,,,闲鱼,
dunk sb 遛狗,,鞋子,913,全新,配件齐全,,售出,39060.0,,,,2024/10/1,2025/1/26,,117.00,95分,0,闲鱼,CNY,1,,,0,,JPY,0.05,0,0,0,39060.0,no,0,0,0,,,闲鱼,
aj1 golf 芝加哥,,42.5,395,战斗成色,,,售出,18414.0,,,,2024/10/2,2024/10/25,,23.00,95分,0,闲鱼,CNY,1,,,0,,JPY,0.05,0,0,0,18414.0,no,0,0,0,,,闲鱼,
aj1 黑脚趾 13,,鞋子,600,9新,配件齐全,,未售出,,,,,2024/10/3,,,,95分,0,闲鱼,CNY,1,,,0,,JPY,0.05,0,0,0,,no,0,0,0,,,闲鱼,
aj1 黑脚趾 13,,鞋子,600,8新,配件齐全,,未售出,,,,,2024/10/3,,,,95分,0,闲鱼,CNY,1,,,0,,JPY,0.05,0,0,0,,no,0,0,0,,,闲鱼,
aj1 禁穿 13,,鞋子,1024,9新,,,未售出,,,,,2024/10/3,,,,95分,0,闲鱼,CNY,1,,,0,,JPY,0.05,0,0,0,,no,0,0,0,,,闲鱼,
dunk sb 高达,,42.5,1307,全新,配件齐全,,售出,36177.0,,,,2024/10/3,2024/12/7,,,95分,0,闲鱼,CNY,1,,,0,,JPY,0.05,0,0,0,36177.0,no,0,0,0,,,闲鱼,
aj1 大闪电,,鞋子,5500,9新,配件鞋盒丢失,,售出,146140.0,,,,2024/10/3,2024/11/22,,,95分,0,闲鱼,CNY,1,,,0,,JPY,0.05,0,0,0,146140.0,no,0,0,0,,,闲鱼,
aj1 golf 芝加哥,,鞋子,1538,全新,配件齐全,,未售出,,,,,2024/10/8,,,,95分,0,闲鱼,CNY,1,,,0,,JPY,0.05,0,0,0,,no,0,0,0,,,闲鱼,
dunk sb supreme 黑星,,鞋子,1600,95新,配件齐全,,售出,57660.0,,,,2024/10/9,2024/12/25,,,95分,0,闲鱼,CNY,1,,,0,,JPY,0.05,0,0,0,57660.0,no,0,0,0,,,闲鱼,
nike acg fly2 black,,鞋子,700,全新,配件齐全,,未售出,,,,,2024/10/10,,,,95分,0,闲鱼,CNY,1,,,0,,JPY,0.05,0,0,0,,no,0,0,0,,,闲鱼,
nike acg fly2 black,,鞋子,700,全新,配件齐全,,未售出,,,,,2024/10/10,,,,95分,0,闲鱼,CNY,1,,,0,,JPY,0.05,0,0,0,,no,0,0,0,,,闲鱼,
aj1 白紫,,42.5,800,全新,配件齐全,,售出,26430.0,,,,2024/10/11,,,,95分,0,闲鱼,CNY,1,,,0,,JPY,0.05,0,0,0,26430.0,no,0,0,0,,,闲鱼,
dunk sb black sheep,,37.5,437,全新,配件齐全,,未售出,,,,,2024/10/13,,,,95分,0,闲鱼,CNY,1,,,0,,JPY,0.05,0,0,0,,no,0,0,0,,,闲鱼,
dunk sb supreme rammellzee,,42.5,1418,9新,,,在途,,,,,2024/10/16,,,,95分,0,闲鱼,CNY,1,,,0,,JPY,0.05,0,0,0,,no,0,0,0,,,闲鱼,
aj1 黑红脚趾,,44.5,517,,,,,,,,,2024/10/23,,,,95分,0,闲鱼,CNY,1,,,0,,JPY,0.05,0,0,0,,no,0,0,0,,,闲鱼,
ja1 莫兰特 粉色,,鞋子,1008,全新,配件齐全,,未售出,,,,,2024/10/23,,,,95分,0,闲鱼,CNY,1,,,0,,JPY,0.05,0,0,0,,no,0,0,0,,,闲鱼,
aj1 禁穿 13,,鞋子,720,95新,鞋盒丢失,,售出,36270.0,,,,2024/11/7,,,,95分,0,闲鱼,CNY,1,,,0,,JPY,0.05,0,0,0,36270.0,no,0,0,0,,,闲鱼,
dunk sb 高帮钻石,,鞋子,500,9新,配件鞋盒丢失,大伤痕,售出,36270.0,,,,2024/11/8,2025/1/24,,77.00,95分,0,闲鱼,CNY,1,,,0,,JPY,0.05,0,0,0,36270.0,no,0,0,0,,,闲鱼,
dunk sb 白钻石,,鞋子,2200,全新,配件齐全,盒子损坏,未售出,,,,,2024/11/9,,,,95分,0,闲鱼,CNY,1,,,0,,JPY,0.05,0,0,0,,no,0,0,0,,,闲鱼,
aj1 turbo green,,鞋子,295,,,,在途,,,,,2024/11/10,,,,95分,0,闲鱼,CNY,1,,,0,,JPY,0.05,0,0,0,,no,0,0,0,,,闲鱼,
aj1 禁止转卖,,40.5,700,8新,配件鞋盒丢失,,未售出,,,,,2024/11/10,,,,95分,0,闲鱼,CNY,1,,,0,,JPY,0.05,0,0,0,,no,0,0,0,,,闲鱼,
aj1 扣碎 1.0,,鞋子,1300,9新,配件鞋盒丢失,,未售出,,,,,2024/11/10,,,,95分,0,闲鱼,CNY,1,,,0,,JPY,0.05,0,0,0,,no,0,0,0,,,闲鱼,
aj1 小闪电,,鞋子,440,9新,配件齐全,,售出,21390.0,,,,2024/11/10,2025/1/10,,61.00,95分,0,闲鱼,CNY,1,,,0,,JPY,0.05,0,0,0,21390.0,no,0,0,0,,,闲鱼,
aj1 黑绿脚趾,,鞋子,550,,,,未售出,,,,,2024/11/11,,,,95分,0,闲鱼,CNY,1,,,0,,JPY,0.05,0,0,0,,no,0,0,0,,,闲鱼,
dunk sb 食神,,42.5,1000,,配件齐全,,未售出,,,,,2024/11/11,,,,95分,0,闲鱼,CNY,1,,,0,,JPY,0.05,0,0,0,,no,0,0,0,,,闲鱼,
aj1 小闪电,,鞋子,700,9新,配件齐全,,售出,26970.0,,,,2024/11/11,2025/1/18,,68.00,95分,0,闲鱼,CNY,1,,,0,,JPY,0.05,0,0,0,26970.0,no,0,0,0,,,闲鱼,
aj1 禁穿 16,,鞋子,2400,,配件齐全,,未售出,,,,,2024/11/13,,,,95分,0,闲鱼,CNY,1,,,0,,JPY,0.05,0,0,0,,no,0,0,0,,,闲鱼,
aj1 小闪电,,42.5,560,9新,配件齐全,,售出,26970.0,,,,2024/11/13,2025/1/24,,72.00,95分,0,闲鱼,CNY,1,,,0,,JPY,0.05,0,0,0,26970.0,no,0,0,0,,,闲鱼,
aj1 小闪电,,鞋子,500,,,,,,,,,2024/11/14,,,,95分,0,闲鱼,CNY,1,,,0,,JPY,0.05,0,0,0,,no,0,0,0,,,闲鱼,
dunk sb crushed D.C,,鞋子,537,9新,配件齐全,,未售出,,,,,2024/11/16,,,,95分,0,闲鱼,CNY,1,,,0,,JPY,0.05,0,0,0,,no,0,0,0,,,闲鱼,
dunk sb 高帮钻石,,鞋子,2720,全新,配件齐全,盒子有污渍,未售出,,,,,2024/11/19,,,,95分,0,闲鱼,CNY,1,,,0,,JPY,0.05,0,0,0,,no,0,0,0,,,闲鱼,
aj1 大闪电,,44.5,4500,9新,配件鞋盒丢失,,售出,120900.0,,,,2024/11/22,,,,95分,0,闲鱼,CNY,1,,,0,,JPY,0.05,0,0,0,120900.0,no,0,0,0,,,闲鱼,
dunk sb 白钻石,,鞋子,2100,全新,配件齐全,,未售出,,,,,2024/11/29,,,,95分,0,闲鱼,CNY,1,,,0,,JPY,0.05,0,0,0,,no,0,0,0,,,闲鱼,
aj1 小闪电,,44.5,500,,,,,,,,,2024/12/5,,,,95分,0,闲鱼,CNY,1,,,0,,JPY,0.05,0,0,0,,no,0,0,0,,,闲鱼,
dunk sb 复仇者,,鞋子,320,9新,配件鞋盒丢失,,售出,25854.0,,,,2024/12/5,2025/1/7,,33.00,闲鱼,0,闲鱼,CNY,1,,,0,,JPY,0.05,0,0,0,25854.0,no,0,0,0,,,闲鱼,
dunk sb 星巴克,,鞋子,780,8新,配件鞋盒丢失,,售出,35340.0,,,,2024/12/5,2024/12/25,,,95分,0,闲鱼,CNY,1,,,0,,JPY,0.05,0,0,0,35340.0,no,0,0,0,,,闲鱼,
aj1 zion,,40.5,900,9新,,支付宝转账 青云,未售出,,,,,2024/12/7,,,,微信,0,闲鱼,CNY,1,,,0,,JPY,0.05,0,0,0,,no,0,0,0,,,闲鱼,
dunk sb black sheep,,鞋子,2330,全新,配件齐全,,未售出,,,,,2024/12/7,,,,95分,0,闲鱼,CNY,1,,,0,,JPY,0.05,0,0,0,,no,0,0,0,,,闲鱼,
dunk sb 白钻石,,42.5,800,9新,配件齐全,支付宝转账 青云,未售出,,,,,2024/12/7,,,,微信,0,闲鱼,CNY,1,,,0,,JPY,0.05,0,0,0,,no,0,0,0,,,闲鱼,
aj1 黑脚趾 16,,鞋子,800,9新,配件齐全,支付宝转账 青云,售出,32550.0,,,,2024/12/7,2025/1/7,,31.00,微信,0,闲鱼,CNY,1,,,0,,JPY,0.05,0,0,0,32550.0,no,0,0,0,,,闲鱼,
aj1 白紫,,鞋子,800,全新,配件齐全,,未售出,,,,,2024/12/10,,,,95分,0,闲鱼,CNY,1,,,0,,JPY,0.05,0,0,0,,no,0,0,0,,,闲鱼,
aj1 禁穿 16,,鞋子,637,,,,,,,,,2024/12/10,,,,95分,0,闲鱼,CNY,1,,,0,,JPY,0.05,0,0,0,,no,0,0,0,,,闲鱼,
aj1 小闪电,,鞋子,490,,,,,,,,,2024/12/10,,,,95分,0,闲鱼,CNY,1,,,0,,JPY,0.05,0,0,0,,no,0,0,0,,,闲鱼,
aj1 小闪电,,鞋子,800,,,,,,,,,2024/12/13,,,,95分,0,闲鱼,CNY,1,,,0,,JPY,0.05,0,0,0,,no,0,0,0,,,闲鱼,
aj1 禁穿 13,,42.5,750,,,,售出,35340.0,,,,2024/12/16,2025/2/6,,,95分,0,闲鱼,CNY,1,,,0,,JPY,0.05,0,0,0,35340.0,no,0,0,0,,,闲鱼,
aj1 sb 海军蓝 low,,44.5,816,9新,配件齐全,,未售出,,,,,2024/12/17,,,,95分,0,闲鱼,CNY,1,,,0,,JPY,0.05,0,0,0,,no,0,0,0,,,闲鱼,
aj1 小闪电,,鞋子,370,,,,售出,,,,,2024/12/18,,,,95分,0,闲鱼,CNY,1,,,0,,JPY,0.05,0,0,0,,no,0,0,0,,,闲鱼,
aj1 sb 海军蓝 low,,44.5,730,9新,配件齐全,,未售出,,,,,2024/12/18,,,,95分,0,闲鱼,CNY,1,,,0,,JPY,0.05,0,0,0,,no,0,0,0,,,闲鱼,
aj1 北卡蓝,,鞋子,1403,9新,配件齐全,,交易中,,,,,2024/12/18,,,,95分,0,闲鱼,CNY,1,,,0,,JPY,0.05,0,0,0,,no,0,0,0,,,闲鱼,
dunk sb 异形2,,42.5,2500,全新,配件齐全,,售出,74400.0,,,,2024/12/18,2025/1/24,,37.00,闲鱼,0,闲鱼,CNY,1,,,0,,JPY,0.05,0,0,0,74400.0,no,0,0,0,,,闲鱼,
aj1 大闪电,,鞋子,4750,9新,配件鞋盒丢失,,售出,145940.0,,,,2024/12/18,2025/1/28,,41.00,95分,0,闲鱼,CNY,1,,,0,,JPY,0.05,0,0,0,145940.0,no,0,0,0,,,闲鱼,
dunk sb supreme rammellzee,,鞋子,1600,9新,配件丢失,,售出,38130.0,,,,2024/12/19,2025/1/10,,22.00,95分,0,闲鱼,CNY,1,,,0,,JPY,0.05,0,0,0,38130.0,no,0,0,0,,,闲鱼,
dunk sb 情人节 新款,,鞋子,2118,9新,鞋盒丢失,,售出,58590.0,,,,2024/12/19,,,,95分,0,闲鱼,CNY,1,,,0,,JPY,0.05,0,0,0,58590.0,no,0,0,0,,,闲鱼,
dunk sb skate or die,,42.5,4300,全新,配件齐全,骗人蔡,售出,186000.0,,,,2024/12/19,2025/1/9,,21.00,微信,0,闲鱼,CNY,1,,,0,,JPY,0.05,0,0,0,186000.0,no,0,0,0,,,闲鱼,
dunk sb 高帮钻石,,鞋子,2600,全新,配件齐全,中底有黄,未售出,,,,,2024/12/20,,,,95分,0,闲鱼,CNY,1,,,0,,JPY,0.05,0,0,0,,no,0,0,0,,,闲鱼,
aj1 黑红脚趾,,鞋子,322,战斗成色,配件齐全,,未售出,,,,,2024/12/20,,,,95分,0,闲鱼,CNY,1,,,0,,JPY,0.05,0,0,0,,no,0,0,0,,,闲鱼,
aj1 禁止转卖,,鞋子,650,战斗成色,配件鞋盒丢失,,未售出,,,,,2024/12/21,,,,95分,0,闲鱼,CNY,1,,,0,,JPY,0.05,0,0,0,,no,0,0,0,,,闲鱼,
aj1 禁止转卖,,鞋子,700,战斗成色,配件鞋盒丢失,,售出,27714.0,,,,2024/12/21,2025/1/24,,34.00,95分,0,闲鱼,CNY,1,,,0,,JPY,0.05,0,0,0,27714.0,no,0,0,0,,,闲鱼,
dunk sb supreme 黑星,,鞋子,2630,全新,配件齐全,,售出,64100.0,,,,2024/12/22,2025/2/3,,,95分,0,闲鱼,CNY,1,,,0,,JPY,0.05,0,0,0,64100.0,no,0,0,0,,,闲鱼,
aj1 大闪电,,鞋子,10500,全新,配件齐全,试穿 新秀,未上架,,,,,,,,,微信,0,闲鱼,CNY,1,,,0,,JPY,0.05,0,0,0,,no,0,0,0,,,闲鱼,
aj1 大闪电,,鞋子,10500,全新,配件丢失,试穿 没鞋带 新秀,未上架,,,,,,,,,微信,0,闲鱼,CNY,1,,,0,,JPY,0.05,0,0,0,,no,0,0,0,,,闲鱼,
dunk sb 高帮钻石,,鞋子,,全新,配件齐全,鞋盒有点破,未售出,,,,,,,,,得物,0,闲鱼,CNY,1,,,0,,JPY,0.05,0,0,0,,no,0,0,0,,,闲鱼,
dunk sb 高帮钻石,,鞋子,,全新,配件齐全,鞋盒有点破,未售出,,,,,,,,,得物,0,闲鱼,CNY,1,,,0,,JPY,0.05,0,0,0,,no,0,0,0,,,闲鱼,
aj1 low 单宁水洗,,42.5,564,全新,配件齐全,,售出,15345.0,,,,,2024/4/29,,,,0,闲鱼,CNY,1,,,0,,JPY,0.05,0,0,0,15345.0,no,0,0,0,,,闲鱼,
aj1 北卡蓝,,鞋子,793,,,,,,,,,,,,,95分,0,闲鱼,CNY,1,,,0,,JPY,0.05,0,0,0,,no,0,0,0,,,闲鱼,
aj1 禁穿 13,,鞋子,1080,,,,,,,,,,,,,95分,0,闲鱼,CNY,1,,,0,,JPY,0.05,0,0,0,,no,0,0,0,,,闲鱼,
dunk sb 高达,,42.5,500,,,,,,,,,,,,,95分,0,闲鱼,CNY,1,,,0,,JPY,0.05,0,0,0,,no,0,0,0,,,闲鱼,
aj1 反转扣碎,,鞋子,1300,,,,,,,,,,,,,95分,0,闲鱼,CNY,1,,,0,,JPY,0.05,0,0,0,,no,0,0,0,,,闲鱼,
dunk sb 小龙虾,,鞋子,1350,,,,,,,,,,,,,95分,0,闲鱼,CNY,1,,,0,,JPY,0.05,0,0,0,,no,0,0,0,,,闲鱼,
aj1 芝加哥 15,,40.5,635,,,,,,,,,,,,,95分,0,闲鱼,CNY,1,,,0,,JPY,0.05,0,0,0,,no,0,0,0,,,闲鱼,
aj1 禁穿 16,,44.5,2074,,,,,,,,,,,,,95分,0,闲鱼,CNY,1,,,0,,JPY,0.05,0,0,0,,no,0,0,0,,,闲鱼,
dunk sb supreme 黑星,,鞋子,558,,,,,,,,,,,,,95分,0,闲鱼,CNY,1,,,0,,JPY,0.05,0,0,0,,no,0,0,0,,,闲鱼,
dunk sb 飞猪,,鞋子,1480,,,,,,,,,,,,,95分,0,闲鱼,CNY,1,,,0,,JPY,0.05,0,0,0,,no,0,0,0,,,闲鱼,
aj1 扣碎 1.0,,44.5,1234,,,,,,,,,,,,,95分,0,闲鱼,CNY,1,,,0,,JPY,0.05,0,0,0,,no,0,0,0,,,闲鱼,
aj1 反转扣碎,,40.5,1243,,,,,,,,,,,,,95分,0,闲鱼,CNY,1,,,0,,JPY,0.05,0,0,0,,no,0,0,0,,,闲鱼,
aj1 小闪电,,鞋子,500,,,,,,,,,,,,,95分,0,闲鱼,CNY,1,,,0,,JPY,0.05,0,0,0,,no,0,0,0,,,闲鱼,
aj1 ow 芝加哥,,鞋子,17000,,,,,,,,,,,,,95分,0,闲鱼,CNY,1,,,0,,JPY,0.05,0,0,0,,no,0,0,0,,,闲鱼,
aj1 禁穿 13,,42.5,670,,,,,,,,,,,,,95分,0,闲鱼,CNY,1,,,0,,JPY,0.05,0,0,0,,no,0,0,0,,,闲鱼,
aj1 禁穿 16,,鞋子,2500,,,,,,,,,,,,,95分,0,闲鱼,CNY,1,,,0,,JPY,0.05,0,0,0,,no,0,0,0,,,闲鱼,
dunk sb 绿龙虾 特殊盒,,鞋子,7219,,,,,,,,,,,,,95分,0,闲鱼,CNY,1,,,0,,JPY,0.05,0,0,0,,no,0,0,0,,,闲鱼,
aj1 金属红,,鞋子,630,,,,,,,,,,,,,95分,0,闲鱼,CNY,1,,,0,,JPY,0.05,0,0,0,,no,0,0,0,,,闲鱼,
nb 2002RRBV,,鞋子,626,,,,,,,,,,,,,95分,0,闲鱼,CNY,1,,,0,,JPY,0.05,0,0,0,,no,0,0,0,,,闲鱼,
dunk sb supreme by any means 黑白,,鞋子,572,,,,,,,,,,,,,95分,0,闲鱼,CNY,1,,,0,,JPY,0.05,0,0,0,,no,0,0,0,,,闲鱼,
aj1 sb 北卡蓝,,40.5,329,,,,,,,,,,,,,95分,0,闲鱼,CNY,1,,,0,,JPY,0.05,0,0,0,,no,0,0,0,,,闲鱼,
aj1 禁穿 13,,鞋子,2140,,,,,,,,,,,,,95分,0,闲鱼,CNY,1,,,0,,JPY,0.05,0,0,0,,no,0,0,0,,,闲鱼,
aj1 禁穿 16,,鞋子,722,,,,,,,,,,,,,95分,0,闲鱼,CNY,1,,,0,,JPY,0.05,0,0,0,,no,0,0,0,,,闲鱼,
dunk sb 高邦钻石,,鞋子,2034,,,,,,,,,,,,,95分,0,闲鱼,CNY,1,,,0,,JPY,0.05,0,0,0,,no,0,0,0,,,闲鱼,
nike air max plus hiker,,鞋子,638,,,,,,,,,,,,,95分,0,闲鱼,CNY,1,,,0,,JPY,0.05,0,0,0,,no,0,0,0,,,闲鱼,
nike air max plus A Cold Wall 白,,42.5,765,,,,,,,,,,,,,95分,0,闲鱼,CNY,1,,,0,,JPY,0.05,0,0,0,,no,0,0,0,,,闲鱼,
nike air max plus A Cold Wall 黑,,40.5,753,,,,,,,,,,,,,95分,0,闲鱼,CNY,1,,,0,,JPY,0.05,0,0,0,,no,0,0,0,,,闲鱼,
aj1 禁穿 16,,鞋子,2450,,,,,,,,,,,,,95分,0,闲鱼,CNY,1,,,0,,JPY,0.05,0,0,0,,no,0,0,0,,,闲鱼,
dunk sb 高邦钻石,,鞋子,788,,,,,,,,,,,,,95分,0,闲鱼,CNY,1,,,0,,JPY,0.05,0,0,0,,no,0,0,0,,,闲鱼,
aj1 小闪电,,鞋子,528,,,,,,,,,,,,,95分,0,闲鱼,CNY,1,,,0,,JPY,0.05,0,0,0,,no,0,0,0,,,闲鱼,
aj1 禁止转卖,,鞋子,1010,,,,,,,,,,,,,95分,0,闲鱼,CNY,1,,,0,,JPY,0.05,0,0,0,,no,0,0,0,,,闲鱼,
aj1 大闪电,,鞋子,7400,,,,,,,,,,,,,95分,0,闲鱼,CNY,1,,,0,,JPY,0.05,0,0,0,,no,0,0,0,,,闲鱼,
aj1 禁止转卖,,42.5,1064,,,,,,,,,,,,,95分,0,闲鱼,CNY,1,,,0,,JPY,0.05,0,0,0,,no,0,0,0,,,闲鱼,
aj1 反转扣碎,,鞋子,605,,,,,,,,,,,,,95分,0,闲鱼,CNY,1,,,0,,JPY,0.05,0,0,0,,no,0,0,0,,,闲鱼,
aj1 黑脚趾 13,,鞋子,405,,,,,,,,,,,,,95分,0,闲鱼,CNY,1,,,0,,JPY,0.05,0,0,0,,no,0,0,0,,,闲鱼,
aj1 禁止转卖,,鞋子,3450,,,,,,,,,,,,,95分,0,闲鱼,CNY,1,,,0,,JPY,0.05,0,0,0,,no,0,0,0,,,闲鱼,
aj1 黑脚趾 13,,鞋子,589,,,,,,,,,,,,,95分,0,闲鱼,CNY,1,,,0,,JPY,0.05,0,0,0,,no,0,0,0,,,闲鱼,
aj1 禁止转卖,,44.5,3450,,,,,,,,,,,,,95分,0,闲鱼,CNY,1,,,0,,JPY,0.05,0,0,0,,no,0,0,0,,,闲鱼,
dunk sb supreme by any meas 黑白,,45.5,912,,,,,,,,,,,,,95分,0,闲鱼,CNY,1,,,0,,JPY,0.05,0,0,0,,no,0,0,0,,,闲鱼,
dunk sb 黑人月 高邦,,鞋子,714,,,,,,,,,,,,,95分,0,闲鱼,CNY,1,,,0,,JPY,0.05,0,0,0,,no,0,0,0,,,闲鱼,
nb 993 灰,,44.5,1123,,,,,,,,,,,,,95分,0,闲鱼,CNY,1,,,0,,JPY,0.05,0,0,0,,no,0,0,0,,,闲鱼,
aj1 反转黑红 85,,鞋子,1310,,,,,,,,,,,,,95分,0,闲鱼,CNY,1,,,0,,JPY,0.05,0,0,0,,no,0,0,0,,,闲鱼,
dunk sb 高邦钻石,,鞋子,2999,,,,,,,,,,,,,95分,0,闲鱼,CNY,1,,,0,,JPY,0.05,0,0,0,,no,0,0,0,,,闲鱼,
aj1 小闪电,,鞋子,268,,,,,,,,,,,,,95分,0,闲鱼,CNY,1,,,0,,JPY,0.05,0,0,0,,no,0,0,0,,,闲鱼,
aj1 芝加哥 golf,,鞋子,568,,,,,,,,,,,,,95分,0,闲鱼,CNY,1,,,0,,JPY,0.05,0,0,0,,no,0,0,0,,,闲鱼,
dunk sb 星巴克,,鞋子,1000,,,,,,,,,,,,,95分,0,闲鱼,CNY,1,,,0,,JPY,0.05,0,0,0,,no,0,0,0,,,闲鱼,
supreme 褶皱纸 羽绒服,,L,2088,,,,,,,,,,,,,95分,0,闲鱼,CNY,1,,,0,,JPY,0.05,0,0,0,,no,0,0,0,,,闲鱼,
dunk sb 吃豆人,,42.5,904,,,,,,,,,,,,,95分,0,闲鱼,CNY,1,,,0,,JPY,0.05,0,0,0,,no,0,0,0,,,闲鱼,
aj1 禁穿 13,,鞋子,2300,,,,,,,,,,,,,95分,0,闲鱼,CNY,1,,,0,,JPY,0.05,0,0,0,,no,0,0,0,,,闲鱼,
supreme 褶皱纸 羽绒服,,M,2450,,,,,,,,,,,,,95分,0,闲鱼,CNY,1,,,0,,JPY,0.05,0,0,0,,no,0,0,0,,,闲鱼,
dunk sb 慈善,,42.5,1267,,,,,,,,,,,,,95分,0,闲鱼,CNY,1,,,0,,JPY,0.05,0,0,0,,no,0,0,0,,,闲鱼,
dunk sb 高达,,42.5,1350,,,,,,,,,,,,,95分,0,闲鱼,CNY,1,,,0,,JPY,0.05,0,0,0,,no,0,0,0,,,闲鱼,
dunk sb 钻石高邦,,鞋子,2010,,,,,,,,,,,,,95分,0,闲鱼,CNY,1,,,0,,JPY,0.05,0,0,0,,no,0,0,0,,,闲鱼,
af1 龙年,,鞋子,800,,,,,,,,,,,,,95分,0,闲鱼,CNY,1,,,0,,JPY,0.05,0,0,0,,no,0,0,0,,,闲鱼,
